animal,big,bristles,bristly,brushy,bushy,circular,coarse,coat,course,curly,feathers,fine,flat,fleece,fluff,fluffy,fur,fuzz,hair,hide,humanlike,leather,leathery,light,long,medium,rough,rubber,rubbery,scales,scaly,shaggy,shoft,short,silk,skin,slick,slimy,slippery,small,smooth,soft,softskin,sparse,thick,thin,tough,valuable,wet,wiry,wool,wooly,wrinkled
bat,0.27141588296274355,0.25257912099518776,0.3137664382525132,0.21474449252319713,0.30819660856104186,0.15444126960012464,0.12063813388079658,0.20755981037104498,0.09602725132859545,0.18804429392315403,0.23711537065392407,0.12537336719272166,0.15971424991442407,0.18544990543488232,0.18477702088012038,0.24629652779604008,0.2307116079674916,0.15079721476323582,0.20874815570063188,0.2224606685314739,0.22935808740713592,0.23848261093578174,0.26639401437463517,0.1989057684872675,0.2281388411759885,0.24240617713577337,0.12883252822662583,0.22902600702551448,0.23129599639031415,0.13536976938526074,0.31301666080428253,0.3139946247090877,0.1831970577697006,0.16963117742112802,0.19538561174907487,0.2305041166738699,0.14546559389625346,0.23057502128842486,0.16496848076151843,0.15666261882567792,0.15014429260213388,0.17403203976947867,0.20092825702701675,0.12651195311767605,0.1728014111160545,0.1414033388758791,0.13880751024450516,0.13757348315356915,0.17599832765023243,0.20587688079088257,0.1652389349666012,0.3063082383821248,0.25029937492561316
beaver,0.34499018096848094,0.20693017485575688,0.259527006587225,0.44561139292510776,0.3076359486283781,0.10117484374476181,0.250420924413141,0.25982852797568556,0.2062337554606936,0.3230700960084778,0.275824110630709,0.12159151133536857,0.2236376576840313,0.24704401974715415,0.2328270727724546,0.2704266840478402,0.4294261391314494,0.23131569315857312,0.25702299752603835,0.24770401553340163,0.2341252199807407,0.21904920716679493,0.13591186306039996,0.12507225423345059,0.2046889405881839,0.09575099460071036,0.24737498784142814,0.17434372290688815,0.18334683380858913,0.1537920912557583,0.1847854435794081,0.31719642246103497,0.1933441248252322,0.22649033600724675,0.17723664208896364,0.19985046474432525,0.3159535979835172,0.27827239563355055,0.2925488184189594,0.26405643090530745,0.18589224687326675,0.1538581657503975,0.1538343286941559,0.2025211892957294,0.19907733584944753,0.17461964151156734,0.17147744950975255,0.2031802362902005,0.2381614646892723,0.24871251865502475,0.22530959425727773,0.3808347419895239,0.20000966253903865
boar,0.2016558917517256,0.3079969786972682,0.28405604657340366,0.25538464648723924,0.2970721330065006,0.1976607936481696,0.28399442741426156,0.3504777490000724,0.17829268600321083,0.30771333428324443,0.35021287093062825,0.11269228870432348,0.16799016357062518,0.3948003360056471,0.1374325612468995,0.2786484757625221,0.2658823843335722,0.12619226612096077,0.3160689739992946,0.28115326408035324,0.32915351995708697,0.2517622286471102,0.23953670597710067,0.10337979490648366,0.1667364125108151,0.10180321595097458,0.2297171574059068,0.11161599437279936,0.20480053816423605,0.16386907048115257,0.34164848892159205,0.28622091689572376,0.11729037659348927,0.13277172341357155,0.19323898669725187,0.2850646985427244,0.14649224562648855,0.2508122639579343,0.18657164270993123,0.22345078451441933,0.20398086626260667,0.13820772454372277,0.2440097243347582,0.172526411005107,0.24604832369873259,0.1425312276709534,0.1694870958854468,0.1668028020569643,0.17045388326601724,0.23456914972105034,0.25985762008297486,0.345419936490736,0.2913925482394666
cheetah,0.23949528781590532,0.1717177396235493,0.15864498667997026,0.19951090635786023,0.25723697233915627,0.0912607749097125,0.056178721565199354,0.1396700864441902,0.11468500262229925,0.23559855948154762,0.24471872965665517,0.12710639711264554,0.11501459747380788,0.10947167230782032,0.15485017071780252,0.23128340613190382,0.2617367530650797,0.24202300466965523,0.18707697214540908,0.21262105282197666,0.2577500391598812,0.18448982744274703,0.17062016649609182,0.1999141815646045,0.16907009527041508,0.16742850100980358,0.1712937046130544,0.12867375324844968,0.16740226385262644,0.1397053601292549,0.234276747312904,0.33352956093767233,0.1648175042071414,0.17315388914737306,0.13308664608817067,0.25836085628670563,0.2814663883538884,0.1161443614989592,0.1450139976346898,0.0996561560578381,0.12006868496389021,0.10700830424142203,0.20294259647879415,0.17479757769524404,0.12577015559837232,0.12328758801128024,0.17475542600047564,0.1268358107938029,0.20856580418637596,0.08181975623665376,0.0959922758805024,0.3199513889245038,0.1914208184355611
crow,0.25974186901374946,0.17396107815621867,0.19571482081440175,0.3657250348207495,0.22261134888590325,0.15165029105284553,0.18801786372639373,0.14379331602296425,0.1654967740110219,0.2830855861495403,0.3760248093607677,0.15194963445267884,0.14352096690503832,0.19172938799945238,0.17671586190825617,0.26339386179580854,0.23603293896406258,0.16096287342829113,0.21543262357818327,0.24893620287455287,0.20464596582775937,0.15711527445807574,0.149144753050146,0.14758321948506412,0.2388237164640133,0.15320313020328422,0.18994575431725272,0.026725004253559486,0.10509586749364785,0.1591100907920309,0.29408269642753265,0.2805538422644198,0.24885795084934934,0.21029828521299548,0.15389013172823487,0.20057471479403002,0.15610199205583272,0.21900039198843776,0.19514229936547373,0.16086476095332758,0.08521158900036058,0.11934202549641403,0.11657480213051195,0.10436498184895991,0.22660177105023896,0.17027753367583742,0.16988770226860914,0.04749561601444156,0.1999131531678297,0.17869935133572562,0.18353108413314762,0.26245537284562176,0.18568120411050662
deer,0.25245845957784463,0.28838605273370693,0.30510017391764277,0.43598632111191193,0.3780996094982686,0.1685296833372954,0.24694329055386632,0.29090116501706753,0.18041791973512963,0.23975230409082143,0.37968470082420513,0.11678002587614326,0.18173509403212237,0.2788674428587652,0.15746020804749822,0.20224375376540182,0.3850893695958214,0.15159687650277967,0.2466795572332079,0.2665412475858711,0.28684852910196035,0.2531094509892632,0.21996194045551457,0.19980855251767246,0.2268383936170094,0.19499593998747977,0.21033843502043775,0.1748144668678699,0.1907917660072917,0.14735428219910696,0.30305468443854794,0.25017021492320785,0.15612403766413838,0.22140636570338737,0.21942442094627643,0.25766839635918387,0.18612743414569094,0.19180268807573408,0.18934938827150802,0.2854471045168037,0.1912094279874118,0.16096861882970764,0.14969270615049166,0.23369133752161317,0.19682482249622116,0.11481565353870359,0.11704871788658135,0.21027691498252596,0.22535750798251575,0.2103203348746318,0.32018276685872343,0.35250254163954875,0.2609888157181083
dolphin,0.15717185958335592,0.20009747280955859,0.16955584176949037,0.1319407431320319,0.1763584279753263,0.19921100489240484,0.107010576362521,0.1643163862914978,0.16015605410404338,0.10234709872523504,0.23835844442169066,0.07531857853860853,0.16097866665676253,0.23819121282410954,0.05654926532119468,0.18077602296325695,0.18324013582045431,0.09530675641682759,0.11443740383811017,0.13899046669849083,0.2901196359855883,0.18016975360389023,0.18558623595363705,0.17867772065886853,0.19499157714553206,0.19084561321824228,0.28246337786269615,0.1524855250667293,0.1814812377037348,0.17085990981164212,0.25873563231734004,0.2066251053666999,0.16042159119845728,0.16682647696719483,0.12882778149943225,0.18738074002330826,0.17892340282614055,0.20184320739707146,0.12671356574356213,0.11570659120433213,0.10696108714824148,0.10808075119788227,0.27322529407648666,0.13735527725554658,0.12546561450186305,0.09701607486248894,0.12415330027465474,0.12936536750355707,0.1441835160058529,0.0550831416067282,0.130539811771731,0.21373398742320054,0.18737759034065374
elephant,0.32405597586613183,0.2665652082669878,0.2599177048734465,0.23672260374454235,0.3744158532878316,0.20731171803361564,0.10879729324503676,0.24663497324431244,0.08994292708351743,0.2019001170937142,0.32549879219690697,0.05468619598595886,0.1313434685550892,0.29012162784864814,0.17535440266447164,0.24866892383149836,0.2797652532004146,0.23456706589997486,0.23972887572336976,0.2851996511527797,0.30491676906636395,0.25161152027317585,0.22592336466473714,0.16553050514338813,0.2023550348293403,0.16016699957529462,0.2681726718543608,0.2369243332808067,0.27749811718715706,0.1802552131298025,0.28650788222991436,0.32105341209562993,0.17956112880885994,0.17362299241747953,0.23054713050147907,0.2832138182307477,0.20316348751825683,0.18878363658203626,0.23451626614404417,0.25753795299464793,0.15556074880009965,0.12332950160330632,0.15232808271255513,0.17879264667237443,0.2697591142961145,0.22352767354104133,0.1845643197912903,0.15310420763433902,0.21595050402485683,0.19076624576812146,0.17233564973125765,0.40088449949411703,0.3001067743703257
flamingo,0.256370716065521,0.1881115835735065,0.2006295790502239,0.2891927376636763,0.35566922886332564,0.18315477873208721,0.10949409250856033,0.1982669768230972,0.19449730765245488,0.24235276132239938,0.4232682310881525,0.15891493504062856,0.18967095217813165,0.26115407477882546,0.21972254971376368,0.3264016217429657,0.23811033200422113,0.25674511751485524,0.2104319435331871,0.1492155121929717,0.17715558792375147,0.23088289062821946,0.19868316444291562,0.17881965368057337,0.17646573519235745,0.1612371522782635,0.19827359719894608,0.23720613354574338,0.24888219023800834,0.09901688214228171,0.25782724144419716,0.31450329575807734,0.15672000126575944,0.22809811275766836,0.20731312494162477,0.16766813749557974,0.29103055586266274,0.14351792748533868,0.15078329182779623,0.2069297249110346,0.1636786753221757,0.19908133146096216,0.19553551547570824,0.11547008251249974,0.19596468526951083,0.17968348683349974,0.14660157689066586,0.17118398335996862,0.24153002026357948,0.16022372852059433,0.2086698454097425,0.31300415870527476,0.2058119763535574
giraffe,0.19685357023647987,0.3070371661617377,0.2647265602863766,0.19761522464388365,0.3087358462009591,0.17431428056623005,0.14444923216563316,0.3158197633353834,0.09753243395904344,0.214518499003202,0.3845845733300644,0.13595896058839027,0.1941853308343156,0.26379973108234683,0.18866729728290135,0.3328970271524534,0.29932494987652697,0.2256344350510591,0.28947812417519125,0.2588517530638409,0.361830935181416,0.24743392198712946,0.24958727865837962,0.17599415381195432,0.1992960165555052,0.1511117413404972,0.22331827059495316,0.2245067928616738,0.2642515768049896,0.15121196045509933,0.30012826213129734,0.2617203207952302,0.24323195941553175,0.2427310605973917,0.1985780227901135,0.3554119675380499,0.20220191324724185,0.18237251436102095,0.123622847455151,0.18170123334122407,0.16107628796359366,0.18590765751939736,0.2183408833945065,0.2017864752704677,0.2610007571284096,0.2232109397610142,0.19440215615980125,0.13520461186121163,0.2504538570232878,0.21106061478938798,0.22765812911513333,0.3820649246721933,0.28988372807015134
goat,0.2784453524503614,0.27714346228885967,0.3124597235253478,0.29883721017785464,0.3214571656729435,0.16759354284169523,0.3358334332883511,0.2987272238464599,0.1826346599693669,0.3337433263712869,0.3309917087855085,0.12203710753115853,0.23928372472088863,0.4202231807909778,0.23115625405534448,0.3809964206806924,0.3228951128405853,0.2557409241114472,0.3443243874695057,0.3200781655015971,0.3174987012570262,0.371676088451732,0.23522338581175425,0.17691103961200305,0.17132499360492684,0.15418004276283742,0.288473931405914,0.19222788531120255,0.29407312140702074,0.09782376269003319,0.2911550054560735,0.3583553669447948,0.24499279160213322,0.15712190775424667,0.26811838202389665,0.35557685553284424,0.19643803675501292,0.264222726141958,0.20757308537163102,0.25825039257349747,0.1881099428655733,0.16565747779842868,0.2141068952008616,0.1739677243266067,0.2635861111991711,0.2276556150471141,0.2063505751716905,0.1438763951159664,0.24326800108151134,0.2530534988863756,0.45671929996860117,0.42169123476761616,0.3461235442745398
gorilla,0.31400613376256425,0.20106302773363138,0.2168336749657729,0.25340720176611176,0.2593576890730011,0.11900736294881238,0.11950816876167131,0.18006303170712734,0.06596043862538924,0.20203184616560074,0.20656802805715496,0.1046634461890594,0.17199264019847676,0.13183252231127024,0.21554814406902764,0.31770405527642576,0.2565032719996539,0.2461972277499423,0.23121191038903052,0.25283964855840474,0.3706427985830785,0.2248641054546761,0.20984317321121906,0.16381334763112096,0.11656058456244665,0.11499213495619473,0.1821043282437078,0.2737279307872818,0.34326850719732416,0.11884378151090377,0.30249135917766773,0.4478221360300256,0.09812093634970605,0.13253670198666426,0.18991043128574567,0.3255696905565674,0.3788088297471712,0.2857576920251946,0.23961318975254067,0.15521589367065824,0.13509675015699282,0.1690302469401771,0.2031301686252843,0.12904212395949685,0.2748552651279663,0.2598060989646347,0.2545312781076904,0.0938111212775302,0.26139751747423573,0.22040439479794363,0.16030083070206425,0.3829521505927275,0.25383096518400755
grizzly,0.34552281794966117,0.257980663229684,0.27765186311999646,0.38682454289570795,0.3537567419462245,0.028576301902896232,0.17940667834478932,0.23429272917218386,0.10514218514059279,0.27113888388947355,0.2278750244795971,0.08347145884128497,0.11864351107120649,0.23844423942040258,0.18203824343166677,0.29244319051950296,0.42306601054425647,0.27140353097954756,0.23706625005693896,0.23437493498634024,0.31207987517039,0.2438515660466579,0.20960214199444158,0.14864155472422153,0.15086736557571023,0.08953181872106462,0.21814297722378878,0.19600379738054632,0.25522145179682093,0.13364852595293383,0.23073576783942987,0.36498242207259585,0.2291523208332187,0.17503522518869782,0.1439871849973856,0.27705521506649994,0.335172661687753,0.25002844537219093,0.27172045732413147,0.13992607380299799,0.16926772000185117,0.17701338544529308,0.21932827310943698,0.21742007274838512,0.2201233018567541,0.18784109440874874,0.266392309232505,0.13678886032901835,0.22119411968423913,0.229503959110021,0.19345277876219333,0.4131363275079323,0.24449987958510522
hippo,0.22597326715170327,0.2610208347547397,0.2190701313868762,0.23789889243369142,0.24723094779049545,0.1555316332811148,0.11684689862616972,0.20118454747070416,0.13497985912323057,0.1955624467585475,0.20008407843942966,0.05292000952108277,0.15847071305648,0.18263813058864084,0.2350682337930931,0.34170139307949676,0.19383000508497228,0.241295701044121,0.2119403324207015,0.19050299225270284,0.2855002530941432,0.16975807243963412,0.14826263092264955,0.19834122491354073,0.1367358990944947,0.12889923387624413,0.23647865814876612,0.17355144142190326,0.2361991276070578,0.09516182719665234,0.189167664667227,0.33463552313387834,0.13664250028610164,0.21863061899370465,0.13464762591725027,0.20080971025702465,0.2669667822339434,0.2615096918936689,0.22383803179556003,0.18142759678224998,0.15892236844621943,0.15645596846021415,0.1667529541931472,0.1392822258757584,0.18942356241969943,0.1374138481313003,0.17236105600839655,0.1157136507167663,0.22041327990352394,0.15033696488773132,0.16540398143433002,0.3474243346727781,0.21884685272629115
killerwhale,0.2218861559906397,0.299901240852034,0.3231301911266518,0.30600202950695266,0.31014377473091187,0.17192129597504355,0.2029674734346693,0.18240838424295194,0.09762325622261617,0.16107600746838088,0.321517053336102,0.06965224677804069,0.1358181082214577,0.204904536984809,0.20180521857594563,0.2173767708804496,0.29131675529529266,0.21440320038474284,0.22800229245596815,0.21395491843406947,0.2531015838547143,0.19727341884915184,0.3092907127328365,0.11469266864354727,0.19908555423552265,0.08688535950657301,0.20586819661382408,0.09091910404975258,0.19216732609480452,0.2409394555511036,0.27279819155563106,0.29377270404168776,0.2549637644903078,0.13344872793101098,0.16761381775571482,0.26418127943976927,0.19526702078087052,0.22296074957216444,0.08877743922257102,0.2412400099605213,0.18370009281959895,0.13147918774987555,0.14036935411358364,0.21316615701637776,0.2285859819594306,0.17963973625456134,0.1275410148456687,0.10406920081837846,0.10928337555608128,0.16558318688895968,0.19453200173099727,0.24133960712977648,0.19503076594658209
lion,0.29217980404980204,0.17934624437350996,0.15718483874112776,0.14888802982133467,0.24669864361031352,0.1701495159662934,0.09015672608925226,0.35911345611919854,0.08363075683137633,0.21724882767880266,0.24705769937294234,0.08992459613707976,0.06608126341705307,0.4025178478271288,0.06411768444899858,0.2134466330305305,0.22864423534315018,0.15545456068202473,0.19876550579352306,0.23710940349844425,0.3056371662390481,0.20089832610836225,0.13203701664021247,0.183955851103028,0.12182839275873016,0.0964797367486333,0.21196665284405175,0.11048890327141965,0.15375361289024922,0.12235598965060873,0.23870450082828895,0.2730599698340443,0.18680776004388241,0.15131545411937133,0.2141111339079539,0.2704912967438518,0.15592927392091366,0.1352389266375098,0.13804185685674786,0.20312705458317426,0.13790675651190218,0.15966709319501934,0.1883916315361989,0.09991727587641934,0.1485590128871137,0.1330246070395529,0.15004342726752534,0.11433029923832219,0.15333090910500483,0.16966903186541196,0.18664387934384372,0.30375459531362203,0.22190199207741157
llama,0.26368115116048024,0.23035209528742925,0.19872986262638243,0.21595558969039197,0.20155253693965497,0.14957886459819436,0.1772454059812201,0.21976591450490918,0.10593274702149899,0.22374480627082532,0.3448563272538471,0.14416217858052321,0.11066192491787152,0.2813239629108574,0.28052092106444887,0.3525909580094266,0.26311759704965515,0.2607557195844951,0.2226674835930643,0.21103388952558638,0.31504759237373897,0.29230396634333233,0.1202395382195954,0.15524104245294232,0.16612775813301317,0.14778026948007797,0.15963381581686079,0.20958246852297488,0.24487766486826082,0.06361299605424564,0.14752663021990434,0.26209023902679834,0.19969975726591863,0.19186443523475438,0.19441354543176323,0.23563907028015213,0.18600600236690548,0.08484385652033723,0.1882714157419772,0.18420679040642315,0.09711258313273886,0.2070379295518896,0.13519743215502963,0.12432459400913567,0.15949047363920704,0.13107949348372355,0.1611115346974846,0.16307239470028476,0.20664326610261102,0.10117055318065946,0.3718243888640821,0.37806427028899864,0.19455679894569242
mammoth,0.3582466765842699,0.24391721882782774,0.25996559833789085,0.369721369070909,0.2846573952290596,0.13335870983355944,0.21367261915645028,0.1523650951293539,0.13069596960851054,0.1821184608409163,0.23308803806615322,0.1351908740446962,0.23171611387086308,0.2697421991019117,0.20870410319558705,0.27420558367578024,0.2573268952678245,0.2940104975433837,0.26086833952323935,0.227240867634495,0.34099085151747494,0.24877753718403608,0.24632173408093241,0.1526568733284664,0.20081432478841116,0.13396870054339166,0.2730714992954974,0.18804302385932609,0.25258712751161605,0.14187760299618143,0.24909678443858427,0.31483978279077585,0.1632671379596698,0.2649795108646963,0.18736795496588426,0.22465978881943513,0.32239352082117445,0.27557585145380586,0.24866963806911482,0.22838103208900942,0.15055754389006426,0.20468565489353796,0.24180601366209473,0.2750190074663359,0.24165609159427803,0.21209618914145922,0.2219457439188808,0.2235344381532138,0.2306161416444452,0.2480797448372208,0.1912657540392656,0.47137651669829483,0.2389814292326793
panda,0.31628592336938693,0.2096146962206894,0.18980406380053605,0.1597275666092039,0.212211551164732,0.08366507822921165,0.05439075767904031,0.08963173581437658,0.09805786376766645,0.17554003183256525,0.18518714193845384,0.20803045685413044,0.05317339123849317,0.11388445237316283,0.2368753300096372,0.34017045107182814,0.20945693820525102,0.2996166402351204,0.2135111157051579,0.27196835011963894,0.2793939684325219,0.16820685003234387,0.13871483351037267,0.10476828715973499,0.08733921463903674,0.08368553206095782,0.187832023726002,0.19832970693683818,0.2426454823922315,0.07389910741981517,0.17776337949200532,0.3183477075408956,0.09685916023357463,0.1821510774413681,0.15341994511995286,0.2602315624380103,0.2709651824324908,0.1901328842121092,0.20436697299809956,0.17823341190401412,0.1278641754016695,0.21684251773675065,0.2905723970944798,0.14963806506310298,0.13679608723477032,0.1789059803836968,0.1923859350684014,0.14125238000019444,0.18188607953980726,0.15179838032634807,0.06484300047086208,0.34848448795241144,0.22223822383485795
panther,0.2922015411685857,0.19601042653661357,0.20226161381466187,0.2576043736969519,0.2546762450692661,0.06630927181649598,0.11620574770281061,0.197775519793324,0.12175687843012482,0.2315394458158739,0.23649730113853243,0.05832857302166689,0.07727881831390018,0.2404055938468052,0.1198531200036433,0.24057828679682375,0.25245335665166235,0.14802712484868463,0.2719422163217859,0.20743260371055028,0.25807651499038475,0.2944608748222534,0.21402488799349279,0.19878747471650624,0.16393876743414856,0.16479570681673808,0.16625754211944238,0.20779691510324216,0.17934728027552282,0.1369907994027701,0.2099034725452565,0.2897208681099426,0.18021277681304612,0.21175590996273122,0.15917457258833353,0.286410953940843,0.2580244784489647,0.23678337054666285,0.20811108310770438,0.13358406950322482,0.1405905136560699,0.20100039449577953,0.31408354590138327,0.08908968277250436,0.2148540216658096,0.18594018673800985,0.2589650468019021,0.14139784897834973,0.149966299022933,0.14730343184587236,0.10583653662085052,0.2961370690904882,0.19745000718527034
pig,0.30354083278689065,0.30416122228244097,0.2700684308793354,0.2767530347801185,0.3008412197107203,0.17931924123497947,0.30180786079266064,0.31219030060122505,0.18666552911625814,0.3409039166146391,0.31681567243368347,0.10896580744425097,0.25860002370987045,0.32260776557124793,0.3053681957809486,0.4204639635837389,0.27654551228706825,0.2410420900445255,0.31608136333139714,0.30105011524424796,0.31208006162957685,0.30173739700194446,0.20016085699126882,0.11928332455905985,0.20969962224205432,0.19866743361041075,0.27376550064719696,0.2802345349279108,0.3608853485871893,0.13477666815430048,0.3043578463196289,0.3981372063063383,0.13689528403243853,0.22765193452581528,0.2290916090469935,0.34996441213207957,0.2913915133261203,0.30531259960003077,0.23155400682149135,0.2914001088918469,0.21084518384476364,0.23531219093761369,0.26194021020866154,0.12148414521721743,0.27124530779579886,0.2650038202473208,0.2386015322211914,0.14524995764364923,0.2949257572070381,0.2546072265533653,0.352703342654597,0.4465166343100063,0.33934408351785356
pigeon,0.25978223915492227,0.21845400247816799,0.2103888806597832,0.35068030657390203,0.2897926698521747,0.1528158496432039,0.22448632274114755,0.2153538056748582,0.23241490649185514,0.22746447004482592,0.3672388276851083,0.12045183571479508,0.2467020371809796,0.19782543182882914,0.2192200915642872,0.3030186031625386,0.2146524689893575,0.15105503778735696,0.17658162131604677,0.1649756213335627,0.1803111295680493,0.179644314452591,0.21563419480550516,0.21140537428131978,0.25871544426756515,0.23875853788313459,0.17428224907267806,0.19683038239517975,0.24501428365451736,0.15063268638450614,0.34897926438693383,0.24145889525037675,0.16733657756166284,0.25400505774831394,0.15891759371785516,0.15893596349108421,0.18248494863293582,0.17547671447125548,0.1477635017889297,0.2468590188432861,0.14268624593089582,0.14273311834646218,0.1261206900537127,0.13540839762598877,0.26544001304509857,0.17799815809847405,0.1395109618957204,0.12075579726453255,0.23817565590366266,0.21557602593101033,0.2102274705997657,0.21688855070970645,0.2350026549234525
polarbear,0.22504866415398558,0.24567787754287174,0.22446394701903888,0.17097052387092235,0.1472082964161436,0.1410436246199044,0.15234816032121437,0.1933044755824758,0.1282776956392358,0.1781603102041359,0.17659493123692202,0.044766588273815806,0.06102793490439586,0.1916917016962364,0.24670099274336263,0.3204167004021848,0.2612222820635701,0.35540299958740434,0.19282322791669013,0.18680671606315805,0.23112750559106174,0.18145277580429076,0.23537403645308497,0.2523725744161742,0.1316856474982595,0.11138092894606369,0.24880525029892847,0.17588508293418753,0.29103767433431843,0.20915218486200485,0.20591570889236116,0.3083668137931816,0.1874628135200684,0.17457966703560474,0.12582695401561225,0.23069097113692474,0.255244168015353,0.20382035413918137,0.19722112853810056,0.16639028702430472,0.18399203008124432,0.1588757391152629,0.22741808061020158,0.2275638918897676,0.18954257751322062,0.22459262716674142,0.17772783509963183,0.09688334555743576,0.16518717336314567,0.1759016063396099,0.1853477609830724,0.2464843300548405,0.15727599949099194
rhino,0.2998010420224255,0.2552154064175477,0.21646614449964624,0.2643190428344437,0.2725188739307385,0.07530599896392799,0.10666851795000679,0.14539347893559093,0.06335218618034306,0.22866531384915004,0.24565854376248453,0.10994019034381113,0.14816954249219016,0.21461357669475697,0.16061129414272174,0.2044957002574171,0.24383455866441414,0.30091499916041065,0.24979686767501544,0.27863170520983827,0.28233412339206493,0.294150561104928,0.22796327291092067,0.1681386847609072,0.1172314126476554,0.14220867635749004,0.2876312077476427,0.27185847731782975,0.28178982056811686,0.1335694872485578,0.26982269316785035,0.3768744402063822,0.18127488975205486,0.09824339698294474,0.18356397711653732,0.296682606752715,0.3204670870590776,0.17933012790040534,0.17293937738619702,0.1284639335431207,0.1752322267434459,0.1380509683010544,0.2858577806788328,0.18977345058012057,0.20151083222941538,0.16396660037788974,0.22817332473877816,0.205957325080249,0.1974030267915302,0.1374641559874932,0.15740167040469613,0.3942460310629616,0.26072752413340156
shark,0.25734367892230664,0.318830819368317,0.269153737905405,0.2565221133004804,0.2566794307581808,0.12016264220283249,0.19471232272060607,0.14595810447782837,0.10548585218188578,0.17721366736813662,0.29068280887642756,0.1416183623205873,0.19396531608110437,0.17947417369425187,0.16752223001361696,0.2606596251696055,0.23554855146927192,0.14170144567409867,0.21975847513219696,0.2353371357714526,0.24489461496489315,0.2140880898216437,0.3158458554434359,0.22107568506056124,0.23893365720968293,0.16897234599188785,0.2664793241467365,0.15088995949696835,0.30775074273986724,0.23900424371582688,0.368334122569987,0.3505502570381369,0.21566072922582433,0.1840257337149185,0.16622027812771545,0.34140941723995033,0.29773585647631423,0.4107145369650004,0.22276064206605903,0.1781606672877111,0.24437692612542755,0.24445557490642375,0.28663173766152,0.12452178772849701,0.22436318465593755,0.25373486644592114,0.2333378912007525,0.11939701533473271,0.19990475949895495,0.15177697330189405,0.17253641981609688,0.2947640313986933,0.2919207198212839
sheep,0.20206038844430146,0.26545069932344856,0.29300167432142427,0.33088952580114966,0.3094924138616525,0.16087404868272726,0.33476935402470204,0.29625305643443794,0.15609869125338086,0.29207300993967067,0.32704697146689504,0.12762741668876004,0.2660614663802834,0.4823251887499545,0.18388071136121809,0.2822169692278207,0.405281803054471,0.21619269952574618,0.30081926466556724,0.3015465406306111,0.21309513880011466,0.3534697186996219,0.2291527292186918,0.13809397896255604,0.1506313879507151,0.16592734806623483,0.24138035567055957,0.1690862580753472,0.2529676124123164,0.12477576320869133,0.25731893387635524,0.2650087497405314,0.20731182889695693,0.13496886630797247,0.3067756498095209,0.33468033923826085,0.1688145232014897,0.1808664667704666,0.16655750501223882,0.295829931544446,0.196497290944783,0.17718114647949695,0.14057743658620836,0.23783279171763969,0.22377952719761512,0.18854407313857455,0.17053277418623064,0.14146316945239173,0.26298184048662937,0.22890629049968048,0.6138606371277974,0.3949304788674984,0.27507154570105385
skunk,0.33092831663365013,0.3945315292785787,0.44002877997581613,0.4207289292887274,0.4097965726426016,0.09998614922458084,0.19746064116364828,0.22606512935230794,0.12101933213645076,0.31126722492901315,0.30071790594562897,0.07963536276219162,0.12521764901257723,0.17790574291852668,0.3157050926137274,0.44898960409498034,0.3693914109652687,0.40035733094562687,0.29596272190686274,0.2677985409120344,0.3303676896886361,0.22840148774519664,0.309277035203078,0.12970715601760052,0.22311181437740665,0.1917817720395235,0.2245537247280327,0.24948174098487555,0.3737353327515472,0.1970093648205919,0.3502115490143797,0.4409766650027634,0.13739217043436788,0.24249315501014856,0.19298433838870058,0.3156987855399375,0.3509641924556592,0.4339601848344945,0.34878111428900144,0.21396813611927787,0.19939256751722947,0.2022184755478882,0.26167245343491696,0.22640162440918718,0.252203258735448,0.21846345579679888,0.2587656903639163,0.13726507711320363,0.3245819707272696,0.33887583487539813,0.1610877500311549,0.4726650637826336,0.3334660270767594
sloth,0.17688889195272828,0.35912231863721406,0.32117458123642145,0.32078652956562553,0.30487424141426017,0.11471731580374177,0.2846322232739005,0.22199371334204526,0.04432786820857252,0.19428915378172745,0.36268792437719183,0.11829719637988244,0.1519910053892981,0.1799016904367408,0.22061141450551253,0.2973391299869334,0.26390616235381187,0.21530172057531993,0.22791476563868954,0.23767843050816143,0.3359125623781761,0.19044806089821212,0.2972578794823013,0.16292690096653129,0.17384794895015723,0.13624513472858235,0.12892411623235694,0.1549548509088022,0.26041516599351155,0.24749570834776424,0.408995494861765,0.3301663504323106,0.10784242083332617,0.20246977149140205,0.14666941977699455,0.25403413103903383,0.23014487321307586,0.33985955700283293,0.20565400639861767,0.13610809669168666,0.1380429195819158,0.1967742954768576,0.14797580934471197,0.19501554281221867,0.2711545079766808,0.19495102045524354,0.1556736129001187,0.06916970145447156,0.22290494883099055,0.2831396358643347,0.188751147083789,0.4308335582554428,0.3611418628242465
swan,0.24766984048543336,0.12121655535208722,0.10904469078294321,0.2038343211785831,0.26253163878579056,0.21178196243641506,0.12756033955886875,0.1594959016296147,0.15718696286204475,0.1972678756233626,0.3021211283772507,0.07955971744930401,0.21556868063409795,0.2489158999638742,0.17227967530958296,0.2665932169335823,0.24311505897977573,0.1794550115559557,0.17919164953405967,0.16040799536695097,0.1505793441967778,0.1563760158903148,0.12134809632887458,0.2320276482460285,0.18436373278993984,0.12627994596631595,0.15234373256659106,0.09048920401314986,0.1130267528394153,0.156883576226176,0.1564415715174357,0.1474001223009519,0.22104709582155826,0.2005375487942522,0.17628218583909344,0.13397019032604893,0.18831293840723962,0.15970084580485944,0.09057184853991702,0.21851719394301625,0.10502617073828041,0.13810343569940517,0.21476871795058833,0.1739067818918854,0.15028867120243483,0.12362063249340188,0.06402159733114084,0.10294320045879364,0.17527574640697482,0.16128973725456328,0.1637106656770699,0.2171308877606167,0.15281362286855044
zebra,0.23458272315974607,0.23729487483241993,0.2570254559446329,0.2347818778287953,0.26703553122051105,0.1291606412115187,0.23864661929061576,0.2652069860327919,0.10550016510656023,0.22549516628096458,0.26546420661230824,0.11727046068002803,0.1782548871818974,0.25700672090575444,0.16202254168730032,0.2607939590140671,0.2872271073310238,0.21092375338081124,0.212998128673392,0.24068186295042082,0.2969784457868639,0.2424607174440241,0.20096294155757521,0.19645215941578864,0.05851505939861862,0.14354315656240993,0.2640105609606124,0.12450750837266993,0.20816398262339414,0.15411281147540487,0.33354195370112644,0.30237787709807107,0.19827276777222294,0.13817395306217742,0.1567260146785743,0.28806185703403975,0.2524213852688715,0.21720898287738574,0.21957145184970647,0.18247752839387665,0.2304267426549045,0.21813783110961407,0.2033473766407643,0.2020599157305116,0.23570755699222312,0.18800316678019946,0.16609373566982077,0.10522697060431813,0.2177985356714128,0.174725889920319,0.1891205926445756,0.3770362408747536,0.3012770268595379
