animal,arms,belly,big,bodies,body,bulky,bumbling,chunky,circle,circular,coarse,compact,cylindrical,ears,elongated,erect,fat,feathers,features,feet,fins,flat,fur,gangly,gentle,graceful,ground,hair,hand,hands,height,hooves,horns,huge,lanky,large,larger,lean,legs,limbs,little,long,low,medium,muscular,neck,normal,nose,oblong,oval,ovals,parabolic,paws,plump,powerful,rectangular,rough,round,rounded,scales,shapely,short,sit,size,skin,skinny,slender,slick,slim,slippery,small,smooth,soft,square,squat,stacked,standard,stout,stouts,strange,streamlined,strong,symmetrical,tail,tails,tall,taller,thick,thin,tiny,torso,ugly,upright,upsidedown,webbed,wide,wings,wooly
bat,0.264523503174851,0.6464938036173039,0.5168189601031014,0.2543101311531948,0.407166338854588,0.30585898426349145,0.43064352297141023,0.38224813873981295,0.22361084687426946,0.30114524928004704,0.1624620371283524,0.16747954092301298,0.29222935450686116,0.4793093677276014,0.4171964020228396,0.27906864235868106,0.45132968684476554,0.5351300102158282,0.2943464727573695,0.34991259609982883,0.42958678428435165,0.31036196174893443,0.4387651828051623,0.41713736848899813,0.26065043819662953,0.3555021647919072,0.4613484608427453,0.4371568966367702,0.4598931617422924,0.458712799236912,0.3135270096075895,0.4807756492224356,0.48191087984408393,0.3086651117677651,0.4986777015779762,0.3624181535869535,0.3234358847310645,0.3559666461966887,0.5172389541083305,0.4150191712316784,0.3839186876320201,0.3633418938115418,0.20716887995860533,0.298183512491832,0.32795124865691655,0.4665778281283473,0.3679642879408263,0.4968954157886672,0.4066078240050543,0.2454066315044736,0.2861112835266354,0.21978412289217408,0.5828725879887822,0.48981570372305394,0.3053755615551559,0.2690084094782713,0.303192521731092,0.415034659886411,0.38371094035096376,0.3538884718813644,0.3839868197160972,0.3476458147142526,0.4123171816575594,0.27509490056070424,0.46372430559147126,0.44418063546254233,0.3754484308780886,0.3982709871933054,0.34383269437655073,0.34918244059132986,0.3981706544727314,0.22344726789156746,0.36319762346378115,0.24501968668510055,0.48509545180948543,0.3118401499086349,0.2765639275913542,0.3505999358965044,0.39310856425452867,0.3260503748542947,0.2999183594842417,0.29737753573483017,0.18573449620248847,0.5612650405089344,0.5674388546049647,0.34868379166544605,0.4200234058828647,0.3678473094048386,0.30459726448841473,0.3715832812962735,0.45682754248907476,0.46425340774169777,0.48892183817353413,0.49774999571068945,0.45087346882321666,0.24317068132505215,0.5195609730106993,0.5083332253070949
beaver,0.3118801056923915,0.4389881971462368,0.594812316238952,0.23540775074112366,0.26277029940750274,0.2122013541965883,0.3178628571098179,0.4834681648666597,0.27180719429072187,0.18184959637384243,0.2698897337693185,0.14857643503394102,0.17703972426453385,0.38013053347440035,0.33148378011804885,0.24776409680395164,0.32872187864988467,0.4735186233141678,0.3445916784769424,0.3884394038427569,0.33916026526585424,0.3418378165782068,0.5851171026930886,0.1929428345417145,0.2921943469953297,0.18867262302885882,0.29515275771547506,0.3832327108842983,0.1924342485425481,0.18664105458647925,0.29065504778238316,0.3851142417586329,0.3025080877695873,0.28794018561030243,0.3328366836617928,0.3690767526052348,0.3746227491187427,0.3078639206587806,0.3448271613136646,0.28314305574853593,0.5143007157344249,0.33833746890168614,0.2597732264069238,0.26088136837880344,0.25130565965532436,0.429351084287987,0.3139755811013563,0.33106594039048926,0.3858168495043809,0.23146856118685458,0.2993414456545885,0.09427576403687475,0.41134755801027706,0.46410666275834295,0.11040449773636148,0.20143532246032347,0.33191164023697334,0.2789369882231974,0.2985038002792607,0.2786427311760071,0.3141212643148106,0.31443974155003823,0.22990589659360716,0.314607194891688,0.2946928506550369,0.45201974721919197,0.29971124777228875,0.3262819294697786,0.27647511681169407,0.3988483077192061,0.4217009688481566,0.22142185827117566,0.258900374888267,0.26199961102040625,0.25187346983055614,0.21420312113340975,0.2311088529888911,0.4838611247362093,0.4219068961786451,0.30201446636879153,0.2668175335486197,0.1706407184209376,0.09618522782185145,0.48968612257914956,0.469045044483831,0.24462231091843653,0.3180428965779197,0.2606586546102786,0.23114804079414675,0.4078657468005811,0.3090287654692204,0.3481859080788907,0.24252801383372233,0.28179461338793815,0.4219072596705348,0.25381261669360444,0.3429950755770815,0.5532624919776513
boar,0.4397842062920517,0.5509146789952554,0.36177135512503306,0.31144475066337346,0.3937816802768085,0.3159491519445397,0.3481015252272732,0.3064667512655863,0.23900161581723361,0.2531524685875167,0.3565948734258364,0.10388132820608129,0.26728701571681773,0.5589697764685381,0.43453356161670337,0.41263924310814365,0.341833907812497,0.5731500802137205,0.2286900402710647,0.35551312819507097,0.4147955279417941,0.27610042101602456,0.46018198719494746,0.3538726473977864,0.39028127589505596,0.3828984125606123,0.45122365359113586,0.4716780180292542,0.42247713812662435,0.4410509104606466,0.22652909707866745,0.646619292581207,0.5954723295072677,0.36027736303121793,0.418527402304169,0.3322289076203755,0.30246292966989347,0.32192992236468393,0.5486581402772248,0.4968982835803065,0.38467263817428404,0.3423350676542775,0.1581889434879841,0.24936017599704352,0.3929110180611746,0.44184916786387557,0.1904777919122555,0.41748702517856673,0.32527004034588775,0.2676632648078958,0.2496502807810267,0.18733552951737362,0.6021900717288625,0.5521696168740288,0.3142457798346237,0.23739097247073382,0.34531326038676957,0.3095284332050221,0.31622365868193575,0.28888570102487104,0.4915774504797178,0.29469670344670884,0.3180810956982102,0.17987650528268387,0.40703845368216507,0.43849244822639566,0.4797270670997448,0.1991662422648341,0.1866374951548911,0.25657948168047184,0.38127061647311744,0.2844328911697517,0.29799121569564263,0.18678667229012427,0.3735249792620751,0.2086921139727568,0.10419692192182944,0.46097303402865425,0.4065158282386983,0.30973619536477376,0.19558927297996598,0.29747470381567875,0.19410763805964967,0.5382579658160752,0.5295934146367735,0.34308635647947466,0.31864554503010994,0.3584258297579016,0.23339409195910665,0.2891346426538547,0.4341185834642755,0.4093661632341384,0.4708687219664158,0.30666608866739803,0.46417659336619305,0.20363575453441357,0.42733857041979034,0.5011732820219148
cheetah,0.2656791586555078,0.5067651734918912,0.3488742653047616,0.17636302943979068,0.26052432196672143,0.3338230568092362,0.35649756081598954,0.3904421120012406,0.1456765487171845,0.19761065247220666,0.2537823521294705,0.2553572155511429,0.18112856152434734,0.5003619927720523,0.46505353820116335,0.3428112605780332,0.36640516827376557,0.5494370404415446,0.45779585150859686,0.3921114114216332,0.45890403766712656,0.23085283800010112,0.5130688918404079,0.36567930936213433,0.3549398066326741,0.42665301904477626,0.37771552107095974,0.43355237624236553,0.10190478848210195,0.1666808974475011,0.38326261849168125,0.5090828843935579,0.45947202636081164,0.25808369184521923,0.47387917197873314,0.30030007031432254,0.38437692976876986,0.2761178420610812,0.4833704289342818,0.4273794635173197,0.42745158533156485,0.3916924675234702,0.29537570085648296,0.4103246925200186,0.37896699416281293,0.3235430694675361,0.3563080266353458,0.4225413307178423,0.2868528525145897,0.3217878938084367,0.3312697772009087,0.1430926623612965,0.5136566644918078,0.4969352078202673,0.313584704795047,0.19991214283248243,0.38369903342304795,0.21071897723611457,0.321943801053033,0.3648710759003275,0.26522827382784075,0.37956781738844825,0.0532041803927546,0.26514816842297045,0.42192837187620463,0.43524840020440214,0.4654857493098838,0.31986674804604714,0.29942561178418853,0.2253773425295382,0.27825717099627323,0.2620788273188703,0.25938374810450343,0.19684410354626264,0.3130319644110833,0.16599402271704417,0.30616120477299463,0.37347923074274275,0.3068893129434445,0.3607237660898893,0.37056515841203275,0.19355222617661033,0.21959712475751134,0.5858371810340951,0.5924705752961931,0.4385345858943507,0.5412500248691793,0.30764665139168346,0.2378977998970661,0.3143590552617807,0.3060017219485825,0.4842478643753558,0.39630101350481967,0.3379067367415829,0.4609573089987694,0.2609691884262256,0.4624389440919001,0.5187811831773405
crow,0.3308479784430457,0.5624233142254332,0.5675394539987013,0.2566643495563143,0.2891301124460916,0.2773106630906785,0.39455883216464327,0.5066618618986126,0.32807758070850407,0.297930837345216,0.312258179064292,0.21283345756966318,0.2373653050698781,0.48469811862743173,0.413664741116255,0.38692396064385204,0.36242212663889484,0.5899943381829144,0.3476156702191936,0.42532477980023226,0.3476220818617913,0.3245164460563024,0.43268605876306254,0.32161314555513093,0.36107882381083556,0.35624216936025715,0.4399445189214747,0.35008388371652055,0.25822276501284075,0.2648886016928359,0.3542809336591263,0.5022086679165187,0.40850738068483566,0.34128855988381473,0.47800972176080114,0.38841013707571925,0.37728795921254393,0.4131396483350426,0.48330427763484446,0.3660040257521795,0.5805880305201864,0.4689092535408445,0.26862380712593203,0.34373178293856105,0.31066291640855803,0.4448448568176832,0.2647848308247676,0.37823555680731036,0.4603115462072378,0.34632200160194804,0.3270923680193493,0.19694891763289596,0.5139099600554071,0.5407111195819763,0.13155600792263933,0.25258463739466513,0.4530833875384923,0.3124689112540879,0.39398090934036734,0.3714954465535719,0.399358896718033,0.43816262691869456,0.37952472315873353,0.34419235423504285,0.3316772818549533,0.5096424239738242,0.4830984800423305,0.4294116521250936,0.5186669420787983,0.4433077960228653,0.4056071434383339,0.27576638996916486,0.33954460023311384,0.26648776113556155,0.4024753166125642,0.2564343444375294,0.19598393297767486,0.4703886427005646,0.3951009597637945,0.39346660521121446,0.34607572097862727,0.22503824096122957,0.1708403485726561,0.5823902434814752,0.5309637809886666,0.37770419119408605,0.42140511221292454,0.39730014666152746,0.3413570572053693,0.4175306998868713,0.40075014692135075,0.4475100328523004,0.44603069171203324,0.4327088149420972,0.5275152543712287,0.312802866833067,0.51329342031897,0.552969744506798
deer,0.40067694737981635,0.481891087905307,0.44510976052846685,0.25267758641792754,0.27560407863250347,0.22096158428808405,0.281459286884477,0.4322166083689761,0.2687082929084174,0.1818288688425088,0.18726424888442697,0.10921863368184512,0.1577370954312544,0.5185774457177245,0.38904717281645407,0.36011666983320334,0.3185963490942893,0.5510692011846317,0.3076170974759507,0.351254469872438,0.3730408119786139,0.27669838950741593,0.5606776902892108,0.2770414767706751,0.3160289592974449,0.2562253550847638,0.41224076221051015,0.4162567422641237,0.2935621085032303,0.2843291862133398,0.26873115775997447,0.5421701801555608,0.5046986059551957,0.32860846814234795,0.31000974613687576,0.4078640255630186,0.35311072093817664,0.32377058598050745,0.46736980523481236,0.4026083531776143,0.43133757464184064,0.3885330469151539,0.21270215049164407,0.3154569002408831,0.2539587461750157,0.42400921210468495,0.23227681826482194,0.33041775331803175,0.332506309562281,0.25045804956509765,0.3260762137862304,0.10599848747142346,0.5458734611814584,0.4673991467492723,0.12545273999551784,0.16568815621118885,0.2756293699571083,0.2554648001565148,0.28701373113094175,0.26895753877996814,0.3284948186426645,0.3552547892790145,0.1986709175981694,0.20532272328782944,0.32379838017424145,0.3315886324060486,0.39995718088411775,0.2151322155162617,0.1992284955151309,0.27819038201949203,0.4584482952446818,0.1684983062036021,0.1857102261161074,0.20415325328008266,0.3024602305503608,0.1922540450041974,0.1573519365824784,0.44701590280759057,0.3945678591772943,0.26406760739766166,0.21129759566854978,0.21562389037327725,0.0652375913262329,0.5646611925616553,0.49928278722233566,0.29467259256475503,0.32210242195708905,0.24678170358545878,0.1772758076319883,0.33925563052478386,0.3640942183209145,0.3000990520388145,0.4065596125522861,0.28430268238110706,0.45511574430809176,0.2642679412161388,0.45557996724425603,0.5102225375383082
dolphin,0.2435832216336099,0.46043568572272536,0.34353144139310554,0.20719944585298644,0.2637706577627536,0.26867458508015923,0.27792172170615836,0.27049634760340024,0.22592217636014222,0.18390649195560835,0.18667219351914097,0.08502634344116072,0.22825652910380154,0.3700502986794334,0.3951465700810791,0.19648583307004447,0.23098141198976926,0.45948751232432383,0.33970430620702086,0.3602467196105631,0.5015761088239384,0.21736861344476824,0.4171058924337627,0.3663156784203359,0.24132648172951843,0.33551757090443646,0.2945162607208043,0.38237374241119143,0.16883164192697103,0.21406128622467127,0.21755665936850277,0.3558380028011173,0.33172213771219067,0.22664417133491718,0.4505221420824857,0.24719066995859632,0.2658846369252313,0.262105534457873,0.47106108250146705,0.4392144655535919,0.3460916565843445,0.35941274000865764,0.15129218662519173,0.31261674535465633,0.3793696819412157,0.39231834323748727,0.1999434900106827,0.41717779838923275,0.2719837508856567,0.2934737271203303,0.3099861871675105,0.18684276573526656,0.4870203033679813,0.4661216230840978,0.22712603628484748,0.22647898096444002,0.3494519817748434,0.228354846289082,0.26934301558744644,0.38662209063290687,0.26404216628535937,0.26949311843929846,0.1782404247227576,0.23725862664556394,0.4123849645169048,0.35617297192307096,0.46113293656944754,0.20111097784620535,0.24440786317500313,0.26935007885548135,0.24535117524731184,0.22289985737377527,0.2670512164474148,0.2607476554206796,0.3382326658587174,0.07046567639296697,0.19125763398294757,0.28207662525515986,0.20876985659343186,0.2851560588326445,0.28962447836271366,0.08488066684308677,0.23132863855768931,0.48109614977820625,0.42623330863833087,0.29416517552749966,0.2842462519366699,0.29498637772557984,0.24495779703105328,0.22424761448151945,0.31242354214907103,0.28114022014687107,0.3386040071772912,0.39879006427679736,0.47727875549352805,0.31233411483174045,0.34189545874299276,0.35654234009888863
elephant,0.4136861737834136,0.5326854922749251,0.47798966524197833,0.2527715007358485,0.3789979434797251,0.31004277657422386,0.43130225879131534,0.33232009251586747,0.2792732910516844,0.35162955646015487,0.3043463995324459,0.1850627309300597,0.2975712811731243,0.5697950229720142,0.5394096209354539,0.52400374690243,0.4543235551874097,0.5979485968088686,0.35422704896061413,0.47062133478584506,0.37679090226519063,0.2569551368564216,0.42020033398935697,0.46886772386405906,0.39693750356562074,0.4678845278988069,0.43724366469967135,0.4675518207289569,0.342615417514059,0.415417778645511,0.3676593896445615,0.6222484344002357,0.5419152889200419,0.46748030118911066,0.5364224055515168,0.4372570821842671,0.372373769254809,0.3962924402231444,0.546097807532257,0.53013098379108,0.5115221324684297,0.4251144780952612,0.1525727244061537,0.31314440134003535,0.39367156638576933,0.483139375670453,0.2208335586320009,0.4692028378844045,0.43079561634819713,0.41471412593177354,0.2819701858857563,0.17179560789653248,0.5176565838230988,0.557137620275175,0.3332467653526967,0.31855047274453,0.4173295148323788,0.282640836090099,0.37599219008206824,0.33134013226395775,0.4376274288720316,0.39293743460717173,0.25440792470073653,0.23604622519438986,0.3975881798327273,0.3855761469352572,0.49880571768151905,0.32804684775364124,0.3828115398311492,0.3303252924366108,0.3919513010566252,0.30007012895657487,0.2530445271301292,0.39211484853012096,0.43228517214593853,0.2725879411279182,0.16192654627785474,0.42123238864536594,0.30118612942912987,0.3772679767771161,0.3123804337603199,0.2579965410141262,0.2668618361206455,0.527078544735263,0.5235420317379235,0.5136351321663443,0.4871822324763081,0.41347896612583473,0.31047791911926514,0.40357846547140547,0.4106913006621017,0.5387223594406368,0.5049187453619638,0.39514210289917234,0.5093932394942547,0.2798606461390473,0.4244829557255931,0.5300512662528318
flamingo,0.31090958527537,0.4962903338280506,0.5308154535838199,0.23834321290682195,0.26231793140188103,0.28792430470018726,0.415204531514939,0.4219015056269629,0.36185733368165734,0.27189588138960014,0.1898300913373471,0.2227734530723914,0.26794477740385947,0.39697309371172546,0.4650667736176845,0.30268852118397355,0.33973186697107105,0.5447244169824367,0.42580208382976553,0.38197042351922483,0.4435194855973705,0.3431987698317242,0.39211390096268856,0.31128620322658324,0.3846332835439901,0.4003572202580538,0.4349714204580244,0.3395939207216656,0.16320721923827267,0.21897528574211417,0.27477853832880694,0.43962227148832034,0.38544916320378186,0.4026497393844713,0.4518401955729763,0.433667701864357,0.43029095709241477,0.4161080499500937,0.49608023023004216,0.3773035625953116,0.5643830345550847,0.45487632362769,0.26179597945991545,0.3490257941703856,0.3510031534137212,0.4165439535328869,0.2296991922711854,0.43557880842954144,0.3971770812669933,0.34609858966642365,0.38716437739466403,0.1948337841131836,0.45534015240026154,0.5543640693279914,0.153179212047297,0.215359464803363,0.4842810464966518,0.35967760447953107,0.39285606829685604,0.3350974198794028,0.3296037898128695,0.4021523594117199,0.2295943645157058,0.2825254544272625,0.34518539920316266,0.47313956036483834,0.4840054304655248,0.4645868073287945,0.46509967285668197,0.477925301418929,0.43936363951514784,0.40660272636255945,0.32842934102382243,0.34595479429277237,0.4344519372168642,0.22090278589607992,0.13302139494702253,0.45326446582633795,0.3627987223712278,0.4810057557201885,0.4097245770270883,0.27533389112589546,0.2558412204499239,0.5245173788208961,0.5362069549070584,0.3792175768938819,0.43014133484649586,0.3921313287523605,0.2984894328075262,0.4526353501040761,0.3018246124924696,0.49854396793061106,0.389149706392624,0.45598010573784564,0.5676605726983037,0.3925150822160825,0.5216704442124115,0.5007281409375831
giraffe,0.37693910442724493,0.47621130224134034,0.31620115594395976,0.2300113205378156,0.2784643004193318,0.3169802786367084,0.3453822221804061,0.30283231438936775,0.28185434409180704,0.36287595280278206,0.25664541035353594,0.20025715929900484,0.31691566576587116,0.5413912144871996,0.604959387744014,0.5207608702211736,0.31431600706790347,0.5474367881824473,0.35052948135659723,0.4318260741226808,0.4746447957439978,0.35957857746062877,0.491142760183963,0.42243355955002276,0.32698874576741077,0.4093124583947511,0.3334546290047921,0.3807717595928129,0.2051569448780815,0.2170994970572392,0.37750725650594874,0.6055098027836212,0.5883062840019453,0.30453856066407364,0.4541622024897071,0.4149408518410786,0.458863475668604,0.3436939340470597,0.5724357963656316,0.4993777611937878,0.3760876152231819,0.4234728058091797,0.2245371562161854,0.3404899592589822,0.4398418018197956,0.40581459649485047,0.28180980452799753,0.4849665900254007,0.404346770469881,0.42792840566159696,0.433086519088146,0.23778427879478176,0.549884009797633,0.5429093504723241,0.20332371725500692,0.3114970022712618,0.4337391545651959,0.26363542408512625,0.45448412171110564,0.4660973521372286,0.3084696754244795,0.40096963219861,0.21266708132450454,0.3439420296555353,0.35549903631301194,0.34279270476892537,0.569560563658918,0.21698715538548918,0.28599037996549576,0.27509735475410707,0.38440003422578034,0.35297504232935933,0.21643554522128636,0.24819720513521362,0.4790682724189202,0.22699056355302433,0.2645400707143624,0.4026332288093596,0.35821600891172056,0.2955834875296352,0.3495487384022953,0.16556667045617834,0.34834170812989623,0.5826148999438967,0.535668368745936,0.4482709853979867,0.5262719578631738,0.38495694884575954,0.25657173692710994,0.3825192195522672,0.3702845849125192,0.41253871107704165,0.5446814737964798,0.4015586083699938,0.5330168871102229,0.321677523562544,0.4533769306464174,0.4724317110724953
goat,0.3537044974596724,0.5803557819566445,0.42539065425181344,0.32407320283465235,0.38254502262463436,0.2521586834610318,0.4061253060102162,0.40414306002681527,0.3003582001009543,0.2822225784002558,0.35345191819508653,0.15244704918176855,0.2969027386912079,0.6145640620764025,0.45513716846643176,0.3390622109076032,0.43478107226695023,0.5311676641176821,0.3091445413245399,0.3427977311357984,0.3102404320238924,0.457119681725711,0.5119089003306524,0.37844407834487315,0.40608819597279394,0.30249853009749217,0.3850815074997862,0.49695394201007764,0.38519661353990636,0.3582506603422924,0.23134234042916904,0.6462537534209611,0.6311924689298856,0.30238466480596227,0.41241351940784265,0.31479138270938145,0.2932985749679545,0.394349530849456,0.5061184712590722,0.41371035143507323,0.38829400210940984,0.266897077815167,0.2532875301345222,0.26235641818285543,0.34206195615960894,0.4479020843917559,0.2440086753971762,0.45686761263733616,0.4961539163469988,0.2881299789664862,0.2870649103484851,0.234602514151996,0.5499590334915124,0.5236759497019007,0.1645063329897794,0.29598921598313416,0.41168456581387064,0.32215581569294516,0.37891782074145186,0.2908783947511142,0.46701529886180154,0.2914163615386737,0.2820452191991454,0.19490123644848875,0.45394992097134346,0.5075840125567974,0.41470188809052666,0.3448353244888039,0.28497220944396445,0.3433268169404697,0.36980158521061224,0.3287481825204909,0.3433159564903837,0.19151716405577077,0.3729165291564095,0.2527158435781104,0.2412091350097495,0.40041680870563345,0.3668341296099613,0.3632968638442849,0.15761103159907042,0.2445799020457661,0.14163137914055146,0.5090672387526378,0.4527908918777571,0.34593247286461637,0.3515898754214164,0.3820769329897137,0.34198510613155025,0.35828072076354545,0.4368742685331165,0.4869275778588704,0.49792413492491877,0.3601030559661246,0.414399520473501,0.19992451992852064,0.3956909317522554,0.6037040225511787
gorilla,0.28150382054704626,0.46591135018720536,0.5499649187483194,0.3151890405072406,0.331819736364836,0.2864506306553452,0.4925071746872168,0.43713269201566574,0.2299255180775531,0.22367369581445076,0.2676583129694804,0.18912686748682697,0.18857905237723052,0.5237715136068034,0.5110493090281367,0.37444717232377217,0.34982100123047133,0.5217991156356643,0.5000025416971314,0.38035677964746406,0.3688203024880171,0.21921373885463744,0.5204188231519108,0.39330428371866005,0.3904580698009161,0.3912090711477051,0.3455638198433921,0.41096068433118577,0.23484385880363817,0.29198496123123335,0.2736420975365243,0.5214725175463377,0.37983984928982956,0.3845704689025088,0.5328020929155527,0.3467873194093935,0.3302377766253896,0.34684354522714117,0.48817577566926984,0.4521331436446101,0.47291602600559607,0.35241333155176496,0.17977923396833792,0.3179661721222601,0.4213616019998946,0.36196177416517744,0.25668302368191137,0.3709744170586718,0.3827304874263644,0.28350918388479335,0.26974727194268117,0.1444221453985799,0.48100475887301475,0.5467556382074239,0.25511681310949264,0.19091032394095706,0.410389409881677,0.2664230599971644,0.33029097766345783,0.31260042604729327,0.414752205105067,0.34261915507277735,0.20950583022119373,0.22549258239170364,0.3973475957527703,0.5193700421341765,0.40025515185794797,0.3392388412607383,0.3699749601696899,0.32683133921379337,0.34717750088372373,0.2618285031402864,0.3427978618066017,0.23914042714587272,0.40954925584423685,0.18523679824722153,0.16017773175906716,0.2979364083880247,0.23232820944154112,0.4762758456380803,0.26874215051922834,0.1979356467298194,0.16609793416085997,0.46392929290657564,0.5552685651128537,0.3945747245392574,0.40232273396955764,0.3594343501789402,0.32165145531282846,0.4662567800767003,0.37346143420525957,0.5579376431468028,0.38413644007069064,0.35229363884894394,0.41868691337557146,0.3225277960308239,0.3606245521945731,0.5457327745719768
grizzly,0.3204034730967143,0.5407306441524288,0.5143780813227171,0.15965564676338315,0.24099171367285488,0.2961658639076726,0.4373067361132218,0.424540007555562,0.1823897634294342,0.08958306740292779,0.27851029062982197,0.20466798300496641,0.14966918581105945,0.474111645845629,0.413812266179054,0.33562128501027194,0.3250500762479507,0.488830054557932,0.48786382188327176,0.4234554069190568,0.41121234245027316,0.31604358301398056,0.5019517172759006,0.2392712592075382,0.37600341112377456,0.3643692836227076,0.40385428977900395,0.3288047152013952,0.1919986798459925,0.19628741381811834,0.37465929808895526,0.5092567610862057,0.4061966278689823,0.3332144809825998,0.4500935110219783,0.3592045757615326,0.34390918652218594,0.3755088894671316,0.43099999167408193,0.36265129413139713,0.46120453275868944,0.3897758737864855,0.29391065981514747,0.3883110712036299,0.30751988103811134,0.3158309800453121,0.2886515053324333,0.4291959506665556,0.32981100485640735,0.2900682662051276,0.30454991270086224,0.07140363119392401,0.5790718969064661,0.5089918692983523,0.2012099439774341,0.10476560864506623,0.3738899535220968,0.3620516105160947,0.36019652483158937,0.27160628798195935,0.32021104980784715,0.41240570562441675,0.23094075101954445,0.33091204718945694,0.3461463740586941,0.5025661635720912,0.40824974059734276,0.44611570057969446,0.4269629968160376,0.34329061002055344,0.35201810283971363,0.26270313125715355,0.37455522134235375,0.14200615844431336,0.2912036840865068,0.20421212290070795,0.28768541661394187,0.4997255402638251,0.42753497889917097,0.3262314813384339,0.2713551567421289,0.21145238583612624,0.06574001616782081,0.528012264396116,0.4723233577860496,0.448500367531112,0.4682421429759055,0.3882982444457838,0.28014178781435295,0.3679399604053375,0.3129902738024415,0.4199151235167644,0.336346692666173,0.3268026731852724,0.4290889442672426,0.4077011553887546,0.4391520848911635,0.5773314479046516
hippo,0.19963217457655494,0.3877146289132603,0.2820912657072816,0.27066628941806875,0.3904270370635095,0.2565661264763929,0.3045315254528157,0.18157567016387502,0.23189306757565273,0.24769822608623918,0.17094045506786823,0.11322532914328498,0.19178381311125023,0.39147603213075116,0.40539046015835856,0.3005969966345413,0.35487518284998415,0.41698481772616797,0.25847065326452884,0.3519476746958821,0.3506543947650976,0.2286005824389422,0.2978914503738343,0.302395327733843,0.38176562255616636,0.3966479812978392,0.31627602467560784,0.2581389161546709,0.28534107786053203,0.3232924986307738,0.2602639485557185,0.39357424665969515,0.3458770470862613,0.2771271934848006,0.3829501299811746,0.2835509276029225,0.3286724338192925,0.28468642902175584,0.3891405644629738,0.36822355642596194,0.4762041968903203,0.38412839015120936,0.18704053199629064,0.23057024744841464,0.3277676758428026,0.3430035167221737,0.20385664334372205,0.3263955083714667,0.3627696060637826,0.19390825607707637,0.20675928459214626,0.14056592020651892,0.38529691049893317,0.4289047196925611,0.26725424904185874,0.15102554139066224,0.29242506568415016,0.22533865592348368,0.3084486351188868,0.25563509395899087,0.36281374786642034,0.3183734960686721,0.18134584298633277,0.17501580986961324,0.3019707877903029,0.24901557899108395,0.3967133298180333,0.33700404589708427,0.29564677774793036,0.2170657619102916,0.3435802195112647,0.16770410153986237,0.23117460255229605,0.17196352458423717,0.2898284216705555,0.09535818469834265,0.1593343316015453,0.3738624341325438,0.2708920094379243,0.38294738136431894,0.23802151036857883,0.3360056862685608,0.18380170722147868,0.40186033196017923,0.36818116976221105,0.3203726601227895,0.3845201409845037,0.3109913114360331,0.15150349160867002,0.35580828136974524,0.30185733974152906,0.3518902455063188,0.40201132864313077,0.32236037022314973,0.4280198685554368,0.30185797659266966,0.3679726042048459,0.2584709874092602
lion,0.573035168176183,0.5305854771065904,0.4408914253395629,0.2160396014593575,0.31127754288469056,0.16177424843506097,0.380495476575921,0.2966500370438913,0.33213802413122717,0.25269155186619147,0.1506446378351023,0.08335463393107802,0.24299220938971078,0.51773150069778,0.4529502675811214,0.36648130045804117,0.4101933504026095,0.6128187242571516,0.37312087015022893,0.3548694660911242,0.38873485372632993,0.2532407278345942,0.5008334937169593,0.35803119381564996,0.3354435812553156,0.3423462939197448,0.3038199289243443,0.4685238290064875,0.33020298974892637,0.4335687571367762,0.3421288777597173,0.5343859659199026,0.571749307940186,0.3744633945619302,0.45807511819612645,0.3471088251253128,0.3342736517698736,0.3827947057072639,0.4897657472626476,0.4142568824719733,0.4560323791062386,0.36749776241978555,0.2540880999674797,0.3247249840751647,0.3233077421898734,0.4486357331480206,0.18147328873757088,0.44978174878824423,0.38399769820601926,0.3269018867206242,0.22981488132665562,0.1573507386716961,0.5509132446239478,0.5339896540439361,0.32460669962403094,0.22132518426259506,0.32660083078493907,0.24857137663379272,0.29496411242174225,0.26993008108232913,0.4274887573945858,0.4137265787389817,0.19249226052158053,0.15875653248638116,0.3784823167942133,0.3227256654297732,0.4402642880977326,0.2725206616585815,0.2682734738410689,0.1815085801131852,0.3322556344694709,0.16918460862123352,0.21996418064969644,0.30308273476855024,0.3405379429788534,0.13012333350483152,0.20032025197731326,0.48310671903961366,0.2958946469557995,0.37421160347128235,0.29240503459708267,0.30987162766265414,0.17443077513110447,0.5630720489262495,0.5532146305788899,0.43578351566104084,0.42123263642155845,0.29890312018022724,0.2703053344471478,0.3472543138771005,0.44083372657481135,0.45647313997358097,0.4255611632560973,0.3176338756085362,0.42204345281928385,0.2218154151926707,0.53095882619602075,0.5117383480830294
llama,0.22464321950017613,0.41656624276772436,0.3923951176795149,0.1315290159919344,0.212696714914756,0.2662694695826478,0.33846342099616217,0.3692085694221219,0.07035561361834651,0.15034047158078992,0.3044691474753644,0.1991115867570513,0.16442070688872984,0.46270242178603593,0.31207569882227937,0.31357640674300563,0.39448822830011365,0.45022928574118165,0.3549329643575657,0.27278074398188307,0.28370170127351885,0.18298915480177738,0.43360805748638,0.31530850520100895,0.31831862583904696,0.28590274839497704,0.33067595854657084,0.4636168311469569,0.22360525569498943,0.20753992446967057,0.18167629139038066,0.5117905068060152,0.46116007243768287,0.26977126298361237,0.36120016791391163,0.26277132975808615,0.2164315305292358,0.3283779902570097,0.42902283206422903,0.3277295946466469,0.32232578344426027,0.35623728059845833,0.17968158575082352,0.2556043104095889,0.36759299717301036,0.3037092368399421,0.2222999255939624,0.3109444024322686,0.2634462484858429,0.1891082787293402,0.2181390067434772,0.07878535983804,0.44616530048985015,0.4086840872722231,0.14324097097226082,0.08666634802979561,0.3457471741116976,0.280870443059151,0.2326300311903667,0.2040541844801809,0.20937640803851054,0.3712744779469488,0.1561374952159922,0.2526037027789586,0.3383389836267798,0.5320082556707633,0.34402632884555884,0.35839401707017093,0.3460141727742174,0.23011646722704396,0.25617432127384354,0.30006372350666277,0.3072163777290793,0.049266422708261336,0.34947130798429177,0.134498800420106,0.2531161275161218,0.3503401058913192,0.3169012495794993,0.2932275777524757,0.18364726137837323,0.22993083880186577,0.10636379652213857,0.3766195089835406,0.45043184211121107,0.30875223909959665,0.32456806239907926,0.3028809851616991,0.23064782825481916,0.2140135251269485,0.2631591895044083,0.4104330837039081,0.37343992623788846,0.27543285249131577,0.43239291080523257,0.23336070079749316,0.25353015686398117,0.5427315372193823
mammoth,0.21894289347423754,0.4048692790725766,0.5283756929533973,0.22588577337240315,0.25291528748205416,0.29053524097152944,0.2819425181494852,0.3623574159258311,0.2726227892691578,0.2923309328072741,0.2809253504293744,0.31605130947533444,0.3033240984706427,0.35949920646406186,0.4503386584431382,0.3868296660438789,0.27643725542479103,0.4597907230642282,0.5093569695142356,0.5008644250057922,0.39670820280822405,0.42851362919762415,0.51785773819833,0.2757076873394813,0.2898341829449364,0.34122460787059367,0.40939573371341587,0.3388189556287399,0.17832557621564551,0.15472825544538132,0.4289200903851635,0.4734341543199169,0.4395456204245953,0.5424826585507455,0.30640835833631447,0.4679446909688095,0.3821770342359522,0.3108672475686629,0.33990988192046273,0.34168062997322324,0.5058197877616392,0.443650809465428,0.30077836517725187,0.2868653241411433,0.3084456327971195,0.3664339628264481,0.20731066408857607,0.3299564957136801,0.32710322741168957,0.3375647722969103,0.3636356994934652,0.20666518504086234,0.45240075455916273,0.4656299250278965,0.2654880659154971,0.2087244372929643,0.4586688788363123,0.29493506508650513,0.30351969228747333,0.328981377476308,0.3432965006468226,0.38429153030656515,0.08744751490485585,0.2977243644846168,0.34073484338201276,0.355828399145943,0.36507393741622474,0.3770282919624948,0.36897896519515233,0.3905987807534544,0.42733039603510853,0.31387944593813416,0.3252625779715434,0.23701334589000847,0.3366276960528271,0.2285706851394207,0.2046015731801746,0.454459467758452,0.4005596833122303,0.3538060874907898,0.2726830884995764,0.284130477936414,0.18840014527094556,0.42226565503775493,0.42439682094267317,0.41655799194803506,0.4627201481306182,0.4277594673347197,0.3503060586709102,0.42407002270405386,0.38797336280628375,0.2856008680294697,0.32824780529452574,0.3492996460655442,0.44589359140845236,0.42013886817208185,0.36312931604589577,0.4607971539732112
panda,0.2510520916710051,0.48828780686442735,0.5155209230942711,0.2185242054228771,0.3254243990875034,0.21966464453775633,0.3927123060917374,0.49014591794896806,0.1681940942097152,0.1883281574120862,0.19244284192155653,0.2432558478820159,0.19785785300731992,0.450386469775127,0.43425007445174,0.29306104470933725,0.48545073240023845,0.48838989606805766,0.40547836494734046,0.3302182306765604,0.35297793674988703,0.2952152715281863,0.4159295858172818,0.35081856367669,0.3515802481363795,0.29371675029190347,0.3859426569667471,0.40172143789835446,0.28193796962990364,0.29133127669894743,0.2822717539966397,0.43256928036723785,0.3666313914433697,0.36640003757598844,0.5580684380092996,0.38703008090097146,0.32081042041232327,0.30822341413473064,0.4150116319703157,0.3703103571463329,0.43403078090220865,0.3643277085764518,0.2374739757548872,0.3058397074381446,0.3161492064922961,0.33935864585442926,0.2858099588333734,0.4311897368546357,0.3886534921023444,0.2573799789560281,0.24517420759046601,0.12054526229157574,0.514361367590478,0.5356871320494851,0.29598975013553597,0.2031269348536357,0.3322311641549456,0.2270472083139586,0.2627309290135712,0.3191786995575188,0.25851310399147215,0.3244728266231794,0.23898189496340452,0.29842224740114376,0.36788305547483185,0.4723244918046272,0.37653339413231257,0.34430272714980736,0.377873735446955,0.2524561214065462,0.39242301175796596,0.19830152332984272,0.40129094859446113,0.2802872605010443,0.4640407591993316,0.22377463110870618,0.21867121947344897,0.4098439421427702,0.3344992966416041,0.4137330895426144,0.32210342803739167,0.2594193933014128,0.11112077286207506,0.500579710417299,0.5944866245377063,0.35493073101718375,0.34736279597024716,0.31533716162727526,0.26964746259010236,0.41759660506782587,0.29678435813885784,0.46050953082254104,0.32063195322820465,0.3273203304523585,0.4328233074881896,0.2565396508539295,0.3504447788044626,0.5338269081448114
panther,0.36259776630228185,0.5533278522504467,0.4598005303153928,0.17627238894512368,0.29467651734033246,0.2669899654037988,0.3989383695309936,0.3482327790563457,0.2585872618591383,0.12856139595097577,0.1902661333408943,0.23042339196702571,0.19177115237003364,0.35481048597312614,0.31657861434048756,0.22690247398941718,0.3653882660816694,0.5341308767536301,0.4136428629503942,0.27928166674534066,0.3826306261721749,0.18259004863212408,0.4203125217041963,0.40601298980106365,0.22338526790691707,0.28986378365881293,0.3341737960583379,0.4120572344431341,0.26693574248221974,0.310201630250869,0.31312865675927276,0.3373217976572006,0.29528126417055744,0.31852292876589494,0.4888658404271112,0.31416693954752273,0.3011233881445079,0.34767805979343086,0.4027297681550886,0.3228880478035996,0.4680159098169441,0.4191315684649801,0.22294474343626744,0.3573338618521754,0.31049857317642693,0.3635769590774987,0.25959102338700324,0.4249423170078359,0.3419682094489121,0.30073751879849225,0.20274319306482694,0.07807164683122135,0.44425791267327264,0.4138548749024316,0.3148977703433965,0.16722832900010465,0.37692640970856184,0.23831150128362205,0.27326110412772686,0.18915581987377494,0.3438244983182376,0.4137765760920078,0.19373275157179073,0.2071626716557615,0.3748900350335136,0.4810742071094228,0.3599786269997671,0.4292804060279237,0.4538461023116734,0.2617715615346042,0.33398567308968363,0.24753838617713214,0.2873100050869692,0.25415643722378967,0.36703407573365454,0.18883601041499673,0.23435881051297572,0.4330985716894789,0.3291246652700825,0.3674402648191811,0.41996471595745244,0.2682138054585409,0.15026485290876898,0.4858468245574431,0.4710202977799185,0.3265380213801993,0.30767962909332924,0.32148630703041536,0.3093445785793751,0.39224640061923804,0.33432343584736046,0.4259578683276325,0.30008088735037497,0.3606604195179717,0.38700838835650253,0.3363135462824137,0.5187626381686811,0.4579020144765493
pig,0.3602561542787411,0.5347198929600461,0.48573209031586023,0.24647876403821264,0.3342324341404586,0.3625863725144788,0.5241003863045797,0.5346834553126676,0.18956457166599627,0.2707187986807656,0.4201721860959947,0.13694500913167598,0.3123323738446382,0.5574592146881141,0.4298552294426731,0.32401868087643215,0.5704350193743944,0.5507031402998166,0.3307436956927265,0.33202493551830226,0.3419568062461054,0.3496843549415276,0.48925000729902646,0.3541259840804072,0.4018293945574316,0.31589782498491825,0.4211489274369637,0.43779954801176746,0.370827674730561,0.38155344776158684,0.24117395525363466,0.6074192208824182,0.5038415264164778,0.3519201558119462,0.4941046704375583,0.33995848580420723,0.2781623858399471,0.4683827775439757,0.47566544347886314,0.39651478723246586,0.5254387920292249,0.3546491412210098,0.28096982474464877,0.3384504803839578,0.3738336716405178,0.4227904546554748,0.26644794373471714,0.4548663676481956,0.4271585952494233,0.23110341486279523,0.22207145752854643,0.16313448718140436,0.5193848581475148,0.6002569069484396,0.2116537494023876,0.24365330669781243,0.4466386538767768,0.2855239923186435,0.38099071650032207,0.2397981762118417,0.42482033061570507,0.40114671475915364,0.20502386462848782,0.2453771866024275,0.4377307981281259,0.6093790847519446,0.37973622554164344,0.41519681401681185,0.34102637425288046,0.37139615483747906,0.416917168308186,0.31404958154447704,0.43615644946514276,0.183342322263498,0.386857467285762,0.26496780478522,0.23684900107856108,0.45238347560170533,0.385818095088821,0.3967748713603116,0.24831167919753458,0.2798922899024316,0.10896786326494012,0.48293225394706335,0.4988395617934902,0.3772646455771896,0.3587893897370626,0.43607639075845334,0.3641584249970051,0.47018678004286946,0.37120826403115326,0.5535882675710903,0.420757350168099,0.4261551394778037,0.38500520732581145,0.16797265967473357,0.33998745220601906,0.6301162748296409
pigeon,0.16808295809279558,0.3860193200361414,0.35445953219691145,0.16205251505725216,0.2023032834462646,0.3455254554940719,0.3154978712310403,0.46327417383550235,0.16164302903571112,0.2928547240414223,0.3451043305698125,0.16508137042469206,0.27064426562917837,0.39962876715192186,0.3534070992301924,0.28958390518777194,0.3254869611369091,0.5345382323797823,0.23089316710468114,0.2691365448101668,0.33661701801356647,0.28957224910468776,0.36753590918042606,0.24971677764807626,0.2963497795215542,0.39149644347400075,0.43382482030234154,0.3441141693062831,0.15976871960182368,0.1406304685838746,0.21782929004993806,0.4684920809264657,0.33957925186818716,0.30245392740572147,0.3442054988599047,0.3893912425915569,0.2911734995099848,0.28255064773387967,0.39828012673290336,0.29459857560835656,0.4876760941579471,0.41372006686952534,0.21875986818789125,0.47860209539503107,0.22301857143195056,0.38233316946213647,0.1486687417088066,0.2442234620277114,0.303169576548335,0.3234203670909965,0.33980416889485343,0.22017929412517895,0.42736347311271716,0.5724318639071697,0.09181585520318855,0.24952925944020773,0.31794081708658345,0.3570033546382422,0.3201287102258405,0.36685456693663177,0.2640473456052863,0.40273016161285785,0.15384458060250422,0.2220507067741894,0.2589012804945432,0.41218284096248087,0.5782801141999253,0.28597391723433535,0.22737343769379456,0.3547161097953495,0.40451513442775333,0.27026334178758205,0.2557602498659018,0.2444721623080762,0.3253714029754774,0.2381390493587015,0.17637099157805317,0.46005356797910185,0.34276667519816745,0.3400002199387766,0.25520430220926565,0.21105005874046187,0.2605746585534128,0.4993501540650075,0.49173575892701776,0.30223486391341353,0.285987921502304,0.37980231115078134,0.277820605187283,0.399920531302257,0.19324764613769388,0.258627951633817,0.30879594958660095,0.36798300539632267,0.46271205815224525,0.24662403157660012,0.352727593334417,0.4138144218462371
rhino,0.36901043720032684,0.46774490722992645,0.5337191704252309,0.2468994348920795,0.3076763718859035,0.3415839742024301,0.42010143840083397,0.4315953946603479,0.28799511003729666,0.17409211903224006,0.21136786558411785,0.3767416026332018,0.24095402867234986,0.4316108457313906,0.34470872528877383,0.24704628409907953,0.3404245505940794,0.41426052568853894,0.4100402671326631,0.3237052229901941,0.2773894605149732,0.21947803158576995,0.4120737313709855,0.3648490801904008,0.29400067211027675,0.281502874448713,0.37484125630452736,0.3528795667858179,0.390483602499212,0.4241162485437747,0.29115703111371544,0.4819583378922207,0.40155234238606824,0.4819490219983241,0.47923190106896074,0.3334223602655921,0.26996842123641,0.29786670912745505,0.4244817371095757,0.35817284505757135,0.3945568808413937,0.3539931804832762,0.19897943729969528,0.303294742789203,0.3457437486090311,0.3780050487380848,0.22580600481265842,0.34589334554994006,0.30505218126789935,0.3547059717304297,0.2776019959781868,0.12200290270008071,0.4647272398763168,0.3875003410297271,0.28864658897696366,0.2498444153009978,0.4571515437291496,0.3941789112096682,0.30124931561742835,0.24809353618498647,0.31283028230203763,0.3644184879039297,0.198407903655055,0.29485666421632933,0.36738624415299936,0.5523852267092196,0.29403717122217676,0.45309614386974284,0.49945570805398987,0.2999317514844992,0.3043982244095284,0.30121030534806775,0.398648761003976,0.3187539225957932,0.3971022094937898,0.314921656463298,0.21692032064771857,0.3670219758704088,0.36874992696941966,0.44380432458759206,0.306657952622123,0.17816672305643774,0.11606636990279061,0.3894603499058145,0.48683688816470566,0.3356950605828833,0.3241936452635687,0.39349605276483873,0.3303550458904152,0.3642396024760625,0.37847511080351726,0.43832691665709245,0.3906437138136891,0.4450773364665309,0.3156809448399558,0.35620777055734354,0.3932822349527831,0.523602057178939
shark,0.21544707997232374,0.543959426730734,0.5245439689928937,0.27308028632414094,0.3536751081115665,0.3253445079702301,0.36736697428406867,0.4213711166790192,0.16468580148888923,0.3009642590531789,0.2996272221425529,0.1636238682948355,0.30865437165534065,0.3990019534064956,0.5324689578122999,0.3292146915298748,0.46772694701604434,0.5594831984528792,0.44482241720522475,0.4795560764944233,0.583397159980366,0.2849260491988567,0.45115904516300437,0.4177352187774375,0.2991741706878279,0.36967965211179027,0.40865051364467975,0.4362338686567756,0.2473849731467375,0.2876544253500165,0.32764145912694526,0.4551584707645929,0.340801025102238,0.4159819070067542,0.4879750188513012,0.4028282691007832,0.3677066062502111,0.4388238331482647,0.5409546570084917,0.49059960322275203,0.4364511061266441,0.4479056991255806,0.22775531545676828,0.3353405799126542,0.4351716095336971,0.4402492835731698,0.2824323425524069,0.5080585907304788,0.39700356739632475,0.32574928194915465,0.3543523708113153,0.20725287921934823,0.47922518486644267,0.6263801105268317,0.2659404963502915,0.26230083014164224,0.41598047710799985,0.35238169274820186,0.39475703042116805,0.42369485976827964,0.312849067206438,0.3360269942611567,0.2201813250642487,0.3173974305643536,0.46111680446183945,0.459018501406368,0.5319699825626687,0.33765357157475967,0.37152725313768103,0.42192981478470554,0.39253405756762755,0.3263997307783375,0.3975068406540333,0.24073733510567222,0.44879824157475595,0.269594581671338,0.12050184614391539,0.3669279750484675,0.35221932353797375,0.3965328605835568,0.3420277891467246,0.17615298808272462,0.2527395959765383,0.5676320272298746,0.6008472643262422,0.39928077671615547,0.40699720176206544,0.43477181799828835,0.362698759402426,0.3941833956918143,0.40336374245464274,0.436376927353469,0.34515805657726595,0.509508020458786,0.6112348488992428,0.3323863613885933,0.3767998360923178,0.5181295578471042
sheep,0.3684199672920527,0.43343620942250066,0.3613965201368421,0.27919342638919803,0.28984152321837403,0.2751572858395047,0.2768316616269979,0.3877067035994113,0.14913882308951695,0.1976948280746888,0.3277501583561667,0.1863982663021528,0.19582196691169798,0.561010298973089,0.3377505299031991,0.2826261589495342,0.3767425379602893,0.4759990269846811,0.28539358498334005,0.26073719953582675,0.24143101385948848,0.3658294599442477,0.5108448062216053,0.22881989533820837,0.4002135160397397,0.18657098017416382,0.3849951225116233,0.4563815803475238,0.3290635554831251,0.32415077249009094,0.1772603347384054,0.6055170227087107,0.5533668446586892,0.3711123135505901,0.31249479659658524,0.3767475434372539,0.32358912731154066,0.4253744967936446,0.4469806559981352,0.3745832532314448,0.4020627930382334,0.3003516902486439,0.25968753689501806,0.3045844349910374,0.2854413571647537,0.3359277207347538,0.19336617405108458,0.33411035489344326,0.32881760793686615,0.13026686451775088,0.22363622287923107,0.14043897374441008,0.5010741540122441,0.442100877864737,0.18186156959490266,0.1789172563940951,0.38788212425760055,0.26280419285576173,0.24968094919788356,0.2599133711148154,0.36235979803118934,0.27685625300903344,0.16909918225028145,0.21887558843397895,0.4148566427210181,0.41120336064587454,0.3297816402226845,0.2862663669011613,0.2329356938960171,0.26767886379088957,0.45422004612158146,0.2556726529777406,0.2774974952987184,0.12121191923168599,0.23370444689722464,0.2005636029167209,0.19454903558408926,0.35671313717249653,0.35446627685310966,0.34149703109067625,0.11932796676714366,0.2777743255955456,0.08688426602599529,0.4118194237710358,0.36615390146669036,0.28135003625139104,0.2920570378725503,0.30381966106437613,0.2634909328950586,0.35024430298084425,0.2902808613522141,0.37343831227176955,0.4251806464967038,0.2259654353233359,0.33020686858642123,0.22537805677863387,0.33193664155781466,0.5086565005448881
skunk,0.216742535680974,0.5195882952437292,0.4793252344067746,0.2088198023766283,0.2544736313301369,0.29356171900503586,0.4744711185677146,0.4276757673312381,0.15714939781049492,0.15398350002488498,0.1898034179010194,0.16983666976938053,0.2360963633384472,0.44094958348879676,0.41569257499261825,0.264213240517838,0.3656632740909539,0.5292414049346158,0.3313746373656804,0.270373448254358,0.44288669500153216,0.21593778746351933,0.5135338880088385,0.3519450797330115,0.2971516847781446,0.27454550316823295,0.38305163174700047,0.3875948585044597,0.2249804467090809,0.2317430588674337,0.14336005070699384,0.4867845306035922,0.34936559018337104,0.23258225917357503,0.4543770833710011,0.2975914938950388,0.27521025740034494,0.32226890117493195,0.4065048244958905,0.389671055268559,0.49287320965517545,0.4745924170235267,0.20071627413686788,0.3381096146798605,0.3513865054386632,0.3825255128619156,0.2134542965549108,0.47631927135538793,0.3146064110277239,0.19714978539066466,0.24147197773579548,0.12759093708710192,0.49315522088195807,0.541022085755586,0.23737029935917447,0.0885870683655026,0.4052012124768466,0.18955260435668755,0.2882110245131705,0.28194795028147657,0.2594042391989234,0.4374879102968571,0.1686871399077634,0.18434827375543894,0.4146783720170937,0.5205429523230622,0.43869905151184124,0.4296947858195517,0.3329677580285527,0.39816021148895914,0.34561235094908405,0.2744992224313027,0.4429919189394981,0.057205459293031495,0.3333663808253817,0.17986843734055696,0.16934514043095195,0.5099890031458724,0.38276459232107163,0.4634055956372899,0.4089265383442966,0.16539589856832737,0.07791297337483893,0.5363233168521113,0.5436492019389038,0.31370180401555275,0.29640126234858505,0.39455285139222074,0.35980097421104995,0.4050252311572792,0.2662334446874542,0.45767335505390044,0.29808952797965127,0.32901937969480244,0.4939074228039333,0.24185753303595714,0.3930061044109835,0.6187331709880572
sloth,0.20738015116385508,0.4817447619562153,0.39797798729529765,0.3256923353180296,0.39904935740768704,0.3046606449455469,0.420531357297879,0.24619167189893107,0.16928035915747075,0.21153840303909408,0.41013051082539476,0.18726693586257723,0.21640666364768607,0.48629459077704285,0.495711845438333,0.4279325089427907,0.43818283262912916,0.5414945168130237,0.3195527208320638,0.4080003479123433,0.4295863839363221,0.3057372360354319,0.3816293782260281,0.35719184979120217,0.4085909464386845,0.3170684650769573,0.42216626936700674,0.45077106221939467,0.2836059011103112,0.38606758727928286,0.30534496951229245,0.5624257467478486,0.39540355262095406,0.35806424669508174,0.4172709184198596,0.34675957886039355,0.311557152911117,0.42659640727170034,0.5124356985102912,0.5481355829232796,0.3684902553374426,0.28391534549489306,0.2930063280787807,0.23738938886380215,0.44663084571055167,0.38111181352130263,0.24759673583611402,0.4108388521480404,0.4056081181576962,0.21558934435272148,0.22494753026592504,0.14641872261367317,0.49796658408698397,0.6201189019633223,0.2558486558786048,0.18736746374723312,0.32952056025850907,0.2902499318768048,0.3833760520243636,0.4020402956834469,0.36703106108433387,0.2695925525741348,0.32128768920411627,0.2721968618965728,0.4052722136321504,0.41800321153148123,0.4983207783762178,0.408435229758473,0.41485119795633596,0.4176366738050203,0.352818681431097,0.23501465156113166,0.37198452929961634,0.08493690348594235,0.4263132346057835,0.2095105671542845,0.06197335325055082,0.44556850412559124,0.39884039365109736,0.36745713736060764,0.1607750429979895,0.28237142580408514,0.20520492526024875,0.47390954642929856,0.4812832384626024,0.42518211128913247,0.4176444156371898,0.40477763891794605,0.28428185487816826,0.3068334967050446,0.430261487179074,0.50453334245393755,0.385218050330197,0.33894277666107175,0.5150798788712889,0.18877022815183989,0.36178872372268855,0.5210501644829219
swan,0.30529451798256446,0.45735244786722734,0.44599249385515727,0.16101446173684486,0.20243751465948998,0.22313529573471091,0.315830928085604,0.3770235912545088,0.4502301840902077,0.32437154521755535,0.17768826139828287,0.25543391599404325,0.32655093807694285,0.3749504110966292,0.38978876695651765,0.2871510892722346,0.16583850508002226,0.44803842709482283,0.36999093595669846,0.32447673350519735,0.3206128892439542,0.4356821081027185,0.36013757194135065,0.25293849988012324,0.34355108992411404,0.40743774512851955,0.3767220821261219,0.23306388555890237,0.23152205606885706,0.16914595614070577,0.2807888102395293,0.33980250649043625,0.41704864101313044,0.3750514070110027,0.3626358444336844,0.3523825602308532,0.35834616800883834,0.2498670509381322,0.34896637240045436,0.2612416175958002,0.5540927478508706,0.35191281062528956,0.22376545702273481,0.3615617258739031,0.19425597083914814,0.4048886987033516,0.1495205952215212,0.3498397670700594,0.3705415503680901,0.40846371994652225,0.32982455047150055,0.2544010058490525,0.4000974937058396,0.5256017421678255,0.1518477960191473,0.28165345645053486,0.3894166575944895,0.32280567038250724,0.27491808965046183,0.3252913998860538,0.47140643083743394,0.3195673127209138,0.22406330635657823,0.3367870832280939,0.31107450220299104,0.3372153613148401,0.44624225796533706,0.28649129759750896,0.27455038121902997,0.3767711704538051,0.40924222877321237,0.26055832396354517,0.2662203215656026,0.3773552992968892,0.2912558056779547,0.20487915949633537,0.22968635448096042,0.4536206028350055,0.2973905113987046,0.4197989433836741,0.3178121180427066,0.16056878082469878,0.2381575927735603,0.47089476617418935,0.41745260351354063,0.2792728195724471,0.3208062937536799,0.32838893437212324,0.33022388651449197,0.43597339751692316,0.27964615186033775,0.32884016434983876,0.38093719946452903,0.4080744194857167,0.41755583728215484,0.33777157708437283,0.45263430606994026,0.41406606397672546
zebra,0.215826639925032,0.47956949250465547,0.3562070727681263,0.1206857301288881,0.1365447871106125,0.22062395137435561,0.3903028415518208,0.34388170124405176,0.2207089000779574,0.27371880088661976,0.3054139701163371,0.20913270462931913,0.16886704894922838,0.41064505117633987,0.45876702545019366,0.3542508384459764,0.2769266072776085,0.43348125672493615,0.41659831985245355,0.2896743740265008,0.36534160856852244,0.23478680200111535,0.47034024367961724,0.3515049599723322,0.31998363675635205,0.3918970140034897,0.3578707621121188,0.33750206581751285,0.09575004980106779,0.0896467341059816,0.2039897051923115,0.49862808521771895,0.4014152983059229,0.28182255257994854,0.3484801208677943,0.29195381311932417,0.2895423377658899,0.2789744949847301,0.4195468496486891,0.3497934088676295,0.37500625649547165,0.3371188371893385,0.1596630485720404,0.2766158003510637,0.2827667872463572,0.27169579252679027,0.24333763800623548,0.3618389861843686,0.28211219807731025,0.31876416143488306,0.3252672730111819,0.17058216323360623,0.4726257070493046,0.4855732261313641,0.16401526199254102,0.18803575938100767,0.38420730767600003,0.1886305639852752,0.3355184490024098,0.23728842897291438,0.22867701682085304,0.29594659499923304,0.06585157568624199,0.18203252757758628,0.32423420813980014,0.44713156035479024,0.45439646492892444,0.28712373599961943,0.24170494451676397,0.34212364990895555,0.2510245432785188,0.3301309603542699,0.2372635995122648,0.2039860293781275,0.30108511139066607,0.21353898255200637,0.31875589224282147,0.35757691693423227,0.23805047264637225,0.35641761053093063,0.3023108168780992,0.16648849536648297,0.24768432918809574,0.5268015743137439,0.4897371919695801,0.32539908165318954,0.38020813755603433,0.3383478114474937,0.20664097937475454,0.318925961276876,0.1735153456721636,0.4044453742885708,0.3428317672692096,0.3695259901688875,0.41538761641664745,0.296359557510584,0.31225519529563306,0.47199608149964833
