animal,arms,belly,big,bodies,body,bulky,bumbling,chunky,circle,circular,coarse,compact,cylindrical,ears,elongated,erect,fat,feathers,features,feet,fins,flat,fur,furball,gangly,gentle,graceful,ground,hair,hand,hands,height,highback,hooves,horns,huge,lanky,large,larger,lean,legs,limbs,little,long,low,medium,muscular,neck,normal,nose,oblong,oval,ovals,parabolic,paws,plump,powerful,rectangular,rough,round,rounded,scales,shapely,short,sit,size,skin,skinny,slender,slick,slim,slippery,small,smooth,soft,square,squat,stacked,standard,stout,stouts,strange,streamlined,strong,symmetrical,tail,tails,tall,taller,thick,thin,tiny,torso,ugly,upright,upsidedown,webbed,wide,wings,wooly
bat,0.3844903657746486,0.42737114850392066,0.4265526770463812,0.32507132260423055,0.4493690375760413,0.233247815407221,0.3054365215668561,0.22923267924134047,0.3350518870673231,0.3122788819899157,0.24555968891903687,0.29908531244942593,0.33838976859669706,0.4158180714874812,0.3953731904948708,0.34885641914857085,0.31228476447737724,0.48577847106040867,0.22880008630273962,0.40146047728441764,0.35681570836849824,0.33567777758913625,0.36285829090065375,0.47187709857107313,0.36671234312826295,0.28919780795820993,0.307924547738582,0.44316183969169654,0.362607714896956,0.4465815718489728,0.45020735483717444,0.36716268489562287,0.36063642138204854,0.3984618974704977,0.4050274544744802,0.3369754993566446,0.3470717613152917,0.33613980899164836,0.3216432854100202,0.34958698922017506,0.40783939773121525,0.3237646560722847,0.43357852483157266,0.3744209762667612,0.3664740041788253,0.1982057587535348,0.32865400527314903,0.4223143835678312,0.33528597694098705,0.38807440070051763,0.2737910231019572,0.3264405410576707,0.304753813081007,0.35986387157812766,0.4443447721813208,0.2535416690856173,0.304088802364836,0.29170256428883246,0.4021029778504432,0.3959870483276047,0.35898084113185424,0.31150201871477934,0.34837789810764763,0.33525135505520576,0.3634522528913901,0.39752663164352536,0.35295207373751536,0.32824146578889807,0.32950886519860845,0.3344828934229655,0.2904972898469903,0.3246719148348339,0.31735556130472736,0.2622865384567082,0.32715315464781614,0.27448974610968985,0.3335419578249029,0.2933520880411295,0.3138262339057341,0.3472455109022361,0.3101369054120587,0.425947746606847,0.2600580119036508,0.35623635459484115,0.3290250363307904,0.5311783607077168,0.48846714197707575,0.39699262404781366,0.37542890634116655,0.34797278069849824,0.34377930528663553,0.3186167974093243,0.4009516746836514,0.3918785948410388,0.40672420849417673,0.3459209618015312,0.4109894948672846,0.31566556171080795,0.49972749995182264,0.4309782942140996
beaver,0.2907220175876601,0.47863542794943476,0.3848251004052369,0.33133592130711315,0.355507886278224,0.29317873797914074,0.36319160535167605,0.2817156388399495,0.2680394849842122,0.3257311364425745,0.41705507711660394,0.30272498430963996,0.37443048571407567,0.4451890336499725,0.3872841853610397,0.40837255404240197,0.37134525330736057,0.5664882474594488,0.3122621348055538,0.38477357897394315,0.48368552562980904,0.32866831106472477,0.5926573386580934,0.45075110795437945,0.3817161211181541,0.39336894877129086,0.3496790064777474,0.393740517888961,0.4090888502654361,0.35114746346634096,0.3639825844613505,0.2968827644361915,0.36313300677822447,0.47588989970746476,0.399943258357676,0.34768966425134823,0.31263750045974276,0.39111633251525946,0.33324777743984924,0.37677418843072347,0.37097523541399285,0.32076835554256095,0.43798941657895896,0.38395379854484923,0.3778301108248909,0.22683550125268837,0.31132278392197293,0.41330158136236544,0.2925114336379056,0.4163770092316942,0.3160081380626338,0.3119733774391041,0.3320138546592458,0.307238757604374,0.44153682887454543,0.3791438048136137,0.22059232632754794,0.30615043700865807,0.39535417185408195,0.3245390377985491,0.3747677340113995,0.2958406899227024,0.41934137535644284,0.3669339724964332,0.30320053573426353,0.3499293802089652,0.38214421153044753,0.35484988357646424,0.4050294529195787,0.37075274286190546,0.31310955236044113,0.3503295626260249,0.40846847256640934,0.28527412777763766,0.32862681366505436,0.2521366414737866,0.3102526817025291,0.26811917485178066,0.2181293243617686,0.4156475882088878,0.35195713339367435,0.3652934929348788,0.3380665610796238,0.3118698240444549,0.3350554634952973,0.5254649671571424,0.5658767955633959,0.4267978259242888,0.3566564697438696,0.4408293927392776,0.43586226977829606,0.3499226292110469,0.3456660485548233,0.36576008355951356,0.31253484578202956,0.279185140934198,0.45874476816473747,0.3412880586816733,0.40664734834244554,0.6109879353066819
boar,0.34003253597518646,0.5287086209577889,0.3675318493779941,0.29731132618284906,0.38888582321041965,0.25810362019114025,0.3287273689373821,0.3342323888433067,0.27287185823215515,0.327964159973788,0.4194603949335828,0.22806479576883232,0.31894641045802075,0.45712999787390834,0.39044772681887546,0.34763172998247016,0.3346250861681812,0.51571461654972806,0.2851628491092545,0.3125484453125043,0.4331472299105044,0.3416913866636453,0.49462887519560267,0.4928909700755104,0.3848953677598178,0.35811988940527656,0.35176702987990977,0.37534439842929596,0.40867529754155474,0.38368662284010685,0.38432203719296515,0.29742302042616336,0.43407463279438363,0.5779736204181001,0.5150060272951853,0.335661627864129,0.29133547088869194,0.3412907761819424,0.30957985891754713,0.4196232363726512,0.4152542089793975,0.33679998405262473,0.38425720744962366,0.3490660274224182,0.27647365753251424,0.25012257484752853,0.3347393852208298,0.44694570731168687,0.2218889559450996,0.44441253130980696,0.3493563651105044,0.3369345943447074,0.3252845504250852,0.31510616338884034,0.5099563085366424,0.4202158496746979,0.27992166800775553,0.3123320425956009,0.3880727795500602,0.42228475731358855,0.3677615891814769,0.2731632499353823,0.3833947316879489,0.3059493556157291,0.28430602373345704,0.34648243128851725,0.3932790648145056,0.35753764143605277,0.3783115071417104,0.34291542344205517,0.2481497622921281,0.333994593394912,0.33222308494543384,0.27887745823187,0.339483675180637,0.24593288243140465,0.28707901738792996,0.28642296400379613,0.2425380699010108,0.4408956039480589,0.43706806077435606,0.3914282515915535,0.2527688959254277,0.2589161498867535,0.2871554621213002,0.5586486531760595,0.5245997482002718,0.36507019782028644,0.31906986171342194,0.4563548043813258,0.3916558404016967,0.3105700786360055,0.4371973489338654,0.41211110133762735,0.37229234864932703,0.3218853545075908,0.39705986427102774,0.28310011873028984,0.4452815537495685,0.5409189854384437
cheetah,0.32381421725072357,0.2885315144036346,0.3281253247429937,0.25283925556995546,0.3075046489917465,0.28118901998115026,0.2122321615960391,0.2570743017426672,0.25947434043993906,0.27091530510330586,0.16122373732092726,0.23068790442782444,0.2602039680473451,0.3024450734303241,0.35203236032480434,0.31772689616849004,0.2856087199180072,0.4311221500068036,0.20972133890523526,0.31537940175645995,0.42008078998512305,0.24116814764331945,0.4707691379915331,0.49177893210701185,0.35308653873744084,0.24263252600663995,0.3634186932803442,0.2652247177990775,0.31167835065257593,0.22048971724484764,0.25263579669907577,0.23801879323389116,0.3296939195966037,0.4073901354733275,0.41726669907651764,0.2751461038243833,0.28324508812568827,0.23988522189941133,0.2353073930647039,0.2699059066418785,0.41490999403155304,0.3321891095408414,0.29682650999704663,0.249069561484246,0.23385516280719384,0.1716112240368214,0.36174050193180796,0.32496227721609355,0.27194393837381725,0.2732171040830428,0.23788857147144768,0.29813324977402533,0.2960723300448167,0.2855517362624569,0.5391548688496663,0.31415251147550227,0.22673734262946335,0.23325468961353277,0.22320501956332928,0.22272095937552688,0.22719226900276857,0.17557072542688865,0.366828014862844,0.2590583707334724,0.23547740676073947,0.3157041532203887,0.29196061945096735,0.3755305229125722,0.33175722414559305,0.26787603079428507,0.28488877216793157,0.270930070437954,0.25061999300444043,0.26423655305200905,0.2734290099567551,0.19731444650215907,0.2806852535730425,0.1340523346217334,0.208206655607414,0.27270284916260995,0.22360589244252543,0.2838130013521924,0.2294021269084007,0.22355748431528208,0.2728838985075071,0.521696200683739,0.46598362826373024,0.326368418732345,0.2945100840777987,0.24539890066000672,0.22415885025937868,0.29895388036085485,0.3723610650906747,0.2634987727386381,0.3640360448070979,0.23795800133040668,0.3745011157994507,0.22696872396504889,0.36377541629788757,0.4920721567328437
crow,0.40486662899090814,0.5485668928369621,0.4547077514920125,0.32097581419750976,0.43468196913871976,0.24712737550153777,0.42196111897143246,0.2484748991336778,0.47252853953626034,0.38996748233350365,0.3486427080567275,0.3129434646169589,0.31673911533655225,0.5497217471255492,0.43658177477824184,0.47689961764522687,0.3536721031738022,0.6251113253182577,0.22265999431685615,0.5099667369735649,0.45428770479641667,0.4442958151984502,0.4333361472698299,0.49032988719115195,0.49389415357027894,0.4066283268300333,0.45551013908930155,0.4644360067601442,0.48108688496871277,0.3905947502118776,0.45987186841401373,0.38632888281623257,0.4211299581996872,0.5175866503503139,0.5054445464781309,0.39834048514891457,0.41105031487272004,0.3635715777076291,0.37406161559353274,0.45792736476498247,0.47587850200200604,0.3405878235702902,0.49427194823083936,0.43534928470033707,0.43815381616941584,0.2441349396030783,0.3367945164472953,0.5045463804726652,0.38097993086509724,0.5158362312439668,0.3465290173524225,0.4127624042381446,0.3716362349927515,0.42975690631340024,0.4707095084156047,0.4465388734138302,0.30959780988409336,0.3284679098965006,0.41479236765073746,0.4269076821885369,0.4015487443464378,0.36579755185409385,0.46016849831120354,0.4044646961317155,0.46648766115170276,0.41326122217178607,0.46092804534792264,0.4283658332902174,0.4250189223520792,0.4008154295673206,0.3540427842651061,0.3296908515873674,0.39557074271633846,0.31442301010871637,0.4226435716194403,0.3777910734186293,0.40418069589224304,0.313071751143372,0.2924861194340439,0.38379247986645293,0.32201520886227203,0.4869591537920174,0.2606398167625158,0.29885835411006556,0.3408407407551143,0.6712615600090106,0.6219666936229243,0.47326923048788355,0.42359046727102057,0.44453384022841386,0.44762394502283426,0.4410092819367551,0.37508791492030386,0.5000569218832032,0.4201111295397455,0.3555381939017585,0.4543337835451097,0.38198474544650013,0.6755443562342411,0.5018379170881769
deer,0.3118086510364017,0.480814450604294,0.3909857701663651,0.4002455809713286,0.43492176848795544,0.20429774673592824,0.2942811318466734,0.1535771089561772,0.2788409077116371,0.2720784112459663,0.34775766738814456,0.33368111004947804,0.29401116170837516,0.48110250834305335,0.4014943610636824,0.35450994497932986,0.3411616591693311,0.5274874139825576,0.36502808423667865,0.4078748711283567,0.43032752864267476,0.33985573675038755,0.4679400908343098,0.40596074952448485,0.3658105894302931,0.37956205175643676,0.31771697487374606,0.47824090633578403,0.3435688635557584,0.3957166899097365,0.3925542586878097,0.3412404020520282,0.3802654400945233,0.548697299689414,0.490157640194127,0.33454489820093747,0.25133742192354486,0.4197498278604495,0.39255306121115047,0.4382955270240069,0.33777675121001643,0.2701953257800744,0.401421776242953,0.4388357968631046,0.4320602506746207,0.18986898289931545,0.300285615989919,0.419206964728267,0.3272085971734411,0.4053062402178051,0.32074568447728274,0.32777655006408934,0.3745417394697486,0.29793556144202915,0.41396725255644257,0.27022326066593366,0.24679128318398785,0.28115284756776915,0.43397369757211623,0.3823402701032228,0.44431976674965135,0.34366429799381376,0.4014665996220784,0.38057329473646073,0.38464138330932,0.36076728578378703,0.36927092329362504,0.2616548660066878,0.35546769833383884,0.3099260708050422,0.2518315430624914,0.2899901579344355,0.40177920449569454,0.20713254988428115,0.28626911782011566,0.25083618627221455,0.21287171192548732,0.3169653908804772,0.297211073650113,0.3525913483310107,0.39093870939522357,0.43492265134313085,0.301034632642331,0.37070274829030686,0.3006400049848367,0.5151466711266168,0.5136343282516777,0.4183498229148198,0.3633615908688607,0.41677903168745556,0.3762949910567753,0.2621889123801536,0.3723790248021424,0.38700139225315733,0.38505237863625114,0.2839211220655126,0.4158510358036318,0.3861661554313151,0.40762870685153757,0.5292794681649129
dolphin,0.3019965450257291,0.36039029035821446,0.31354272934905586,0.2710796491820761,0.35151975332039087,0.17945037997516658,0.16588636743187066,0.2505067389665041,0.29466256344882397,0.3240323712285267,0.2319921991701738,0.1483415886227514,0.2707751984795743,0.32033762152271905,0.31661057800780773,0.2514548770772701,0.21240301470597325,0.3768760988874933,0.25076523171046233,0.30856300165014366,0.5331807897532259,0.25557366839150386,0.3827594620847787,0.3840246249629165,0.25415114418271423,0.36685969272269386,0.36334106088078894,0.20323159017019723,0.31446614613374446,0.2908047567891416,0.26854526882643787,0.2381035868545932,0.2814941679624953,0.2985536887472868,0.32670099186139856,0.273253294387672,0.19288978579064417,0.26152734298159436,0.2419098320199878,0.272712049854847,0.35365591655924233,0.2663129570116289,0.35619240287939796,0.24705224834055708,0.21404587927113414,0.15958882764734664,0.33165778738203744,0.37792198282981837,0.24651185473384216,0.33494200542495134,0.26847765720663674,0.2991173880596284,0.3111325433457268,0.337350057139402,0.3779791507052385,0.3214880946772679,0.2194076626540036,0.26637517984554937,0.2324151038512697,0.2324652092047804,0.2501198372802692,0.2810863746493256,0.36154828256729193,0.2180766990998738,0.21953700167422557,0.2980667384813338,0.3598596657617879,0.297221363417273,0.3297536739916758,0.33963602320414543,0.26098234954348254,0.3133174847143518,0.3071907768108836,0.2640119995553446,0.26908363944538105,0.2557954297231713,0.22841033194972032,0.1252910818532027,0.21039476998403092,0.19295126501061372,0.12463988711887014,0.2989580229922873,0.24628621334707632,0.1924302309281681,0.26933133962316513,0.49284192937028387,0.4687238319766962,0.2375047702458933,0.20338000524091607,0.240860072200061,0.2468257692947641,0.3822012172920975,0.3246945251749376,0.22844777731391158,0.2797250992012562,0.2401960067416345,0.38747260645568776,0.31244841463709405,0.35342985690996165,0.27651793885918674
elephant,0.3254852888397923,0.39644307098529313,0.4066480533684396,0.3215554941274064,0.35987264939911173,0.25820162109775513,0.32971842290822156,0.26792621478110556,0.3439014036247312,0.3659442693852379,0.24822885475538856,0.2376100720534538,0.33877014471843503,0.4152586810140474,0.4017897632965605,0.4005270468876007,0.26109020252617704,0.4765213394248286,0.2652708336319895,0.32632095472909844,0.4260713894196167,0.3082691051028509,0.46721037069389,0.5173095912836655,0.37552608220513534,0.3093258314795112,0.34972294369075274,0.36628867943943383,0.32727376406274217,0.2999686891348694,0.3069383769113261,0.30605837658492674,0.34988689075050106,0.473477985247256,0.5401328815111294,0.434971022264088,0.30107006063285036,0.37694580605993433,0.36360508536282715,0.2988625824928104,0.3569260765335756,0.3211702541879811,0.3976788386911603,0.29964104725148083,0.24735906473891311,0.21476770631090025,0.33265459164091676,0.3825528310061953,0.2806839000212378,0.38840674019843496,0.3475517636235941,0.36532525863330606,0.2926913206463185,0.2902621807622752,0.505266929024101,0.34876381299297027,0.31016712500595406,0.31724813687732767,0.31243586909675236,0.29660869992832145,0.2681503262408672,0.24318720436354155,0.3682925848478278,0.2726296680922052,0.30873602201463124,0.39277101210780707,0.33248670021155946,0.35115188709449197,0.33711769045683526,0.2792611125703141,0.24275980452961782,0.3162474632060978,0.3656749925338939,0.20428150453250707,0.2869010061712888,0.2860398068769436,0.2919723071689953,0.2516615241942691,0.26009956311052684,0.31186753728316563,0.2574333520584856,0.39681310201644143,0.21940545213801746,0.2637133245280298,0.318230974389879,0.49871427835153553,0.4277029606954797,0.36885891213925737,0.325894550669733,0.36174824420637103,0.2980946893313284,0.4021309099881266,0.36545565280413767,0.396450086055026,0.41378688544621856,0.29419534557321897,0.3917771932312234,0.25258525762300926,0.3743167714475806,0.5053132091274748
flamingo,0.3633450717696429,0.4329109384725804,0.4288625636109332,0.3081335395992266,0.29474941384480496,0.27724148280752164,0.32331054571556234,0.40749027539907196,0.39689143351539596,0.41675027058836484,0.28761333778930787,0.2777057688767008,0.37178660008655146,0.3638702626817821,0.4128454648919677,0.41934520899474953,0.29004298394560724,0.5627098296829522,0.3141840784007319,0.38187166266544464,0.4911013103492791,0.38859061844224024,0.42224711066299864,0.4425250056163481,0.3805601913878992,0.34123802581951523,0.4845860654394817,0.32715374089871363,0.38900326658159207,0.3407070600880265,0.3687445960142205,0.32230526281976846,0.41743666243352595,0.4205736054977847,0.4576814541154617,0.44148843105771335,0.337571364770359,0.35790648687496274,0.3064120373685964,0.3030566610901383,0.4615361204430484,0.3678225769088077,0.4028651916006333,0.2881937394225135,0.2611737860613266,0.2310903336091203,0.30000513085395547,0.38554976218054443,0.22107154665783232,0.39778073907472994,0.4195282042086574,0.43984075357011354,0.4410163296235435,0.34511140451659694,0.5168327821409083,0.4795660943064858,0.2520462100876902,0.3813909093752282,0.30052618354080135,0.3085929479992356,0.33989745704823837,0.27205429636864936,0.4584822231742635,0.24617077797694684,0.3546371730283136,0.34832711847543746,0.38510038946564357,0.4122888100133813,0.4144868204132306,0.4525156595281381,0.3399184908506816,0.33477742922042664,0.37566994753159577,0.30953426829793135,0.3790174041475933,0.34536417781902656,0.4098444726965883,0.34410065500120207,0.23146064002558892,0.3802137688883373,0.3739619910376866,0.36796774288406076,0.22484920888448934,0.22443030903760647,0.3452466629364836,0.5375292237681686,0.5562662828662425,0.42324650269532643,0.33297980279564565,0.3956627866457387,0.35176141717497555,0.49154368484061933,0.3509375860848258,0.4054153250670766,0.4193055758642466,0.4149226669791,0.4339126266614852,0.30699138883031984,0.5213286594682536,0.4261605064466655
giraffe,0.31931036893133186,0.30907738194046974,0.26974070545965023,0.18793774651691736,0.279375412537315,0.334632504480848,0.2044159295448547,0.33569997079880637,0.25154074236754626,0.33747930112526175,0.22158556315094102,0.20049960246423834,0.3347425579970238,0.3323744408184675,0.3900053943034711,0.3923331295820648,0.32350866173627446,0.43077367678886225,0.21387229256561352,0.3436376888340396,0.3741696023910418,0.2929705050156316,0.41672009760953665,0.46871491049435393,0.4068277045803646,0.2512381448368098,0.423690504183155,0.20679659223221294,0.342578540576109,0.24170634607909391,0.24774788104909226,0.27351793066931707,0.3943990240000299,0.38938780068222056,0.48029887349489747,0.25982708213519806,0.331308354273401,0.22660804202812895,0.20701739775209838,0.28855200833174327,0.4722887236271396,0.3802007965893718,0.32184793015229035,0.2465424090221858,0.16326082249916588,0.12435624071681449,0.3608872453260611,0.37748769801027415,0.2408912186332548,0.3045640612136841,0.34413471670314494,0.3163824129779304,0.284808703413561,0.2743256272222728,0.5023564753200205,0.4068473884105769,0.17967192762372372,0.31900279060164444,0.18172233822006242,0.22033822483045645,0.22001437181886005,0.23419450020697133,0.3950859255666004,0.22971025641296972,0.2733248690921621,0.3065705880676327,0.2926440052467605,0.4608277537058373,0.3985462913865156,0.21735238808441285,0.3143099463923681,0.2652972430410172,0.22721098858946778,0.26738934831930217,0.2564326407414804,0.2475855478117309,0.4000714460203906,0.19102287860083791,0.137350307685285,0.3254230020467522,0.2509250263710056,0.29125680535824344,0.20206455046096555,0.16677101572789824,0.3352889484675468,0.4870820390924898,0.44333027999638064,0.41526514127025693,0.37860741576318796,0.31981080451929167,0.2726328860252216,0.34914939115785276,0.42694552335412955,0.28882942165954567,0.38565783520068037,0.31222116064428534,0.38279959137361946,0.18003111635688301,0.37684916288854314,0.40452923890802656
goat,0.2770867636781735,0.3727059777657582,0.2936800339294409,0.1949471163037563,0.29034383934088276,0.250211788802116,0.2784892292804695,0.41157914186828243,0.2549701002377913,0.2814725767883507,0.4534140735144841,0.1966086024996133,0.2983358678672373,0.3876062763599584,0.3223153828637145,0.29086492459337093,0.39253991528945537,0.3790245196876671,0.2067470945171695,0.28752636206322885,0.2818982891018851,0.36137174770590286,0.4521316863459884,0.4019312939884796,0.310405439697162,0.32608408013951073,0.24628815258770367,0.35663042758772023,0.3342054813891275,0.2502169473336115,0.28961773929521073,0.2353091490405595,0.3783762842391468,0.4906056540041009,0.42961583011101284,0.25128480347062815,0.2902458101742137,0.3094817218019732,0.2415979733029866,0.37839949523698346,0.3902310176759522,0.2718841555749183,0.4036328461060631,0.2784188207965526,0.24645263949511148,0.3347566867223563,0.2618351869226653,0.38988384300866036,0.2746821566811595,0.3662976970446079,0.3275144683217081,0.3013707638311504,0.32189325416957,0.26332542472170145,0.42381328909456717,0.4212648707056013,0.18507930317274557,0.3003154971523327,0.3303010166682294,0.2896447726543676,0.3282148454401458,0.21408563976806433,0.30772869856321133,0.2711636643173285,0.25871657335586956,0.2924632332844505,0.3723324129076739,0.37451925497692334,0.2828816097204014,0.3161571537774875,0.2148135670298933,0.3521172185759393,0.3722475559057261,0.34512259142625556,0.3660831021451685,0.23455788954772075,0.31430310151797886,0.24606507090090188,0.2325302821894952,0.37008552661617516,0.3679748344689547,0.3188295238764881,0.1649461662556857,0.24265396038614442,0.2319618617919428,0.4624904542109185,0.45724617388200295,0.3125791820193717,0.2746064906722506,0.3859360014333826,0.38531395418323394,0.36092936494722894,0.3100003463857193,0.2991699924694999,0.322856623150039,0.2766190817809113,0.24422883653205996,0.22881767186588914,0.3351554736396225,0.44462050552238075
gorilla,0.265028731163855,0.27810827367077523,0.3793945463908231,0.18365951457029925,0.29725093521554274,0.29151509695338856,0.27146054312802853,0.26494241532058627,0.26555889061114646,0.24773646369457017,0.15669123955752542,0.22229867386542934,0.2812737668140423,0.28892995994034554,0.30712999388770007,0.31514412000897724,0.2507174510482143,0.3033456657106814,0.22381586243353063,0.23267272474712863,0.2948020734221929,0.2591439514530021,0.3654209448840644,0.4806577116112958,0.3887888820063433,0.20053052785296752,0.27318343773299264,0.2649904991387992,0.23080069437035164,0.2442392580503798,0.2529280746926999,0.2539401385160393,0.29065523195189463,0.25722313381532225,0.3630366589439842,0.34014229930106865,0.36244842716051107,0.2564947907842181,0.2589288878727002,0.2738068681470823,0.3368088699106876,0.2785663385857478,0.326045126336716,0.19390307934785858,0.19778387031365094,0.22009876360484812,0.33730962742162796,0.30709036476158497,0.2605598611917291,0.31110780266438887,0.24815855350779595,0.22220183535860352,0.1614238996608247,0.23248282612519583,0.46083593767281594,0.2853056277339913,0.2918113472082238,0.24625261510046398,0.19363994351955305,0.2267618843405581,0.15402886354754708,0.15663596469695917,0.302531713642939,0.2223846285563737,0.27020536535843526,0.3435102248913576,0.26744900582737247,0.3874073803624075,0.26832715041497934,0.26342258914701544,0.30527544885842,0.2659371133603426,0.28064078815814075,0.20805068135685492,0.292989730277281,0.22190780497963128,0.3044829526476594,0.14309173009118728,0.2158830412306834,0.24697690352564175,0.21505757845930365,0.27514051472433976,0.17456013013764124,0.23124433819865944,0.23621530576707836,0.3951525077432212,0.3248298433403316,0.31222123469088314,0.31324896270873803,0.31593955899908654,0.27386264623724166,0.32594894858617557,0.31975533190361904,0.32298969306171926,0.3501224948667173,0.2551356984013425,0.32110830309063254,0.18995618722239124,0.28540560996444925,0.4516962112593458
grizzly,0.2513841509380666,0.29990934025214283,0.38126232895286216,0.2648377859733923,0.3326290809231539,0.2708563841643998,0.28485507098932894,0.18882929105411642,0.2017532124686722,0.20374198357269996,0.21001786756223847,0.21865235459562019,0.19201290927846154,0.3363064079479201,0.24910931986431042,0.30347176202667975,0.269562355544383,0.3242995611373067,0.21836581472669997,0.3168081348609224,0.35440366600888173,0.20410088363431733,0.43807993555893265,0.41403108494860347,0.3332798994619075,0.27632328780422233,0.24459693844079647,0.30216275063238274,0.27791360890736233,0.21461622323203056,0.2486780183010917,0.2373951704494548,0.3047109852275883,0.3794154825893264,0.3973172299478624,0.33194931686703777,0.3187260471845717,0.3035269910244011,0.2726854705378145,0.30525731685928126,0.30078031697262836,0.26971617272927556,0.3270468628716315,0.27713309094455235,0.22419429410933378,0.1285287263965308,0.3049747019053826,0.32354291705177,0.201390973085304,0.29719740361478725,0.22554399391616353,0.22330432931827857,0.23705436772799873,0.19881684841038075,0.44984828518090664,0.26259395584488515,0.288655223676602,0.19555595673116163,0.2990738088085251,0.2065405861728515,0.26463691213666624,0.20914331402278186,0.3284175778335683,0.27248547354234415,0.21929960129566553,0.3258145168883484,0.3006379047743877,0.3155566539713865,0.24894951790184475,0.2628639977149753,0.2658901738508469,0.2823070336676362,0.2759867627986524,0.12728753621409727,0.1873083968099636,0.22953774896501136,0.24079203683700248,0.1478574166894417,0.17258938116067585,0.2982081472247775,0.28314145836240406,0.28157048205261653,0.17692847341320533,0.2835642209396045,0.18454939684955304,0.42651466741155925,0.36582243122420427,0.3199492721219768,0.26290775860342197,0.32599166685835024,0.24803939253558158,0.2594112180625546,0.31343139650789575,0.36145833547807754,0.2732528457548728,0.20561922432337942,0.30455702973789894,0.24909040238854893,0.24419547041834008,0.46757931958675586
hippo,0.23986613987646926,0.3546507715015341,0.33490376927315263,0.2311676057132543,0.2967281055168812,0.2887590279176197,0.2038867602033048,0.31460943617285425,0.2764132908323498,0.283067420913125,0.1935249423554083,0.15642644143901469,0.31102796080274264,0.32880268848908584,0.36635663700670396,0.2430886001350358,0.2608594301008737,0.37561748383380733,0.1812611159691399,0.23995070926401288,0.37835553908299946,0.2937651394388235,0.35333744100787345,0.4491822073404447,0.3353266808334956,0.23622603875615952,0.330856158914355,0.21055463615348347,0.29620177649543483,0.193089969066359,0.21984541062315582,0.15288257251133028,0.3189294143940758,0.40446642767362895,0.44689445320206345,0.28482894320501967,0.2669562759296264,0.20031071686749263,0.19711338608481652,0.21270200203654346,0.3749973144592684,0.30525615297022773,0.29130856014857964,0.16951154946549876,0.1525657899148403,0.13084939984506855,0.28455372613330876,0.31803573337123936,0.20498243454107867,0.306881940396894,0.29860607039212006,0.25736620949443995,0.24930437800420385,0.1961677236673327,0.472642141383767,0.3730941152537941,0.18437609891811121,0.2502365041658265,0.19140123792325378,0.20505722294324152,0.2152651636077416,0.12065420778260928,0.353781932728055,0.16674516709849135,0.19636764525656933,0.27429660706939735,0.2501506782655216,0.3613116088481344,0.28857866930805043,0.23652587387636131,0.2096649178141867,0.26882234558526885,0.2616618378863318,0.2178703128652056,0.23625512847841715,0.20416357723474937,0.3458457396129373,0.1466510987487891,0.041297784209284545,0.26292758760111273,0.2365987434540165,0.2773578920509164,0.12704534261820208,0.0971452270884331,0.21247404480494647,0.43515550883122256,0.4411147565950691,0.256976360695931,0.26907711048016014,0.25429355957588373,0.1769466629868997,0.3541114575960697,0.3893900329273297,0.2965623281490847,0.3344963522087382,0.24693193753957465,0.3528411350318901,0.14184615658735716,0.27926865170323406,0.4440780363253109
lion,0.31749023301537416,0.4855527578176761,0.38527122884232584,0.3413138700758572,0.3858806925875694,0.10327295273812323,0.37917394321335235,0.13633655513378906,0.2684262030944394,0.2196131818929533,0.32854623745210926,0.21949643253972478,0.2364127224511602,0.4527025810357375,0.35645715405206896,0.35500171357735427,0.2721788598790376,0.4631517752732185,0.3548443548384654,0.2760445133678489,0.38583375325799585,0.2733402360678516,0.4360359057843292,0.40308352165751005,0.33140329624544423,0.3887635120439996,0.2685915333121756,0.41249725293519873,0.3084788662936382,0.39935476784564355,0.39135291324751137,0.3145362852240517,0.3322494498055363,0.48763431179190014,0.46456619387042536,0.3949909984151963,0.22289272396195203,0.4513303144583282,0.4380862919624809,0.3743750579519403,0.2467369448983684,0.16743415269002068,0.43570496172621714,0.4238188828951828,0.3844698431983752,0.11705203888013335,0.2980230457224728,0.3486260167301824,0.24290348687679475,0.37145755405479147,0.2723242620533477,0.2994547779430175,0.23866710810776653,0.2664622205964981,0.4241495003134035,0.23622789331854585,0.2970259814060373,0.24139422517182063,0.3939588243385787,0.375676761467859,0.40915666587853217,0.3181251260188401,0.388385880892242,0.3417366757858,0.34672655949183717,0.3371679092028681,0.29370000400477075,0.20516256632655716,0.33993796087837946,0.25033818422330195,0.19887019725887134,0.21242752554052055,0.38319201714461626,0.1573416967975096,0.21637079999848696,0.23073459836613894,0.16639089752487574,0.22182250089324387,0.28645972505441275,0.35219951992307486,0.29209799919535107,0.45361866861339056,0.28583796552865465,0.4140203148843127,0.2792104882290331,0.4931331707435751,0.41136877281473117,0.3618270596025736,0.3151583253233543,0.30739380187331244,0.33787908947347606,0.28014165406247044,0.3418658535139693,0.4000050778083887,0.33206448974657,0.24837197429207866,0.3924804173871927,0.3312931217400091,0.43508394693517327,0.4569518815435478
llama,0.25908569950580407,0.2019162978551484,0.2303143396642056,0.08437494377762758,0.1710617364560242,0.2399982972189929,0.20329970178819565,0.28298078247966774,0.1986189959149477,0.265107843319982,0.24352597543798596,0.1939562044442489,0.2164179501283083,0.27650167311889534,0.25205014422045763,0.2197446946040646,0.23913446045513181,0.3505331204806975,0.16469472343307964,0.20754916955184213,0.23169373304202626,0.24772736425148686,0.3972666264763023,0.3765118117895376,0.2154433113913027,0.27049547022018794,0.2379095653725454,0.17696656055994253,0.26500008657062263,0.16971723188646778,0.1809341437397215,0.14055293922892048,0.2734805957598923,0.39120627631204735,0.3376672629686869,0.20849774746923166,0.20545981813855713,0.16275338688671273,0.1373813844532368,0.20424260950609513,0.311337075806621,0.2053925460996355,0.23286230838557032,0.1535887662157857,0.17076400414742984,0.1581527412742536,0.26150007457296853,0.2632252038939549,0.16780182393664586,0.1887118482444483,0.1783142042382649,0.17553947817277654,0.1505475433935694,0.23147129134490818,0.3515943098846983,0.3180149205681991,0.1614887559701681,0.19307728963721463,0.15187007562902463,0.16898821904712222,0.1750913639655121,0.14709176049339287,0.2621290573844461,0.16667245805609193,0.1545869361492302,0.1790485555924416,0.23967713732368764,0.29887686829107335,0.20255066274866235,0.2268956257160813,0.16042182356960755,0.2411096577663432,0.1968354103028822,0.20069912362871728,0.27313028634814074,0.16612321831528276,0.2336627184998605,0.12078309121906299,0.1476402985401492,0.2570853444686488,0.21685471255266087,0.19177224763654976,0.10405359669916185,0.1467384708322086,0.1845694177308627,0.33882233250062427,0.3438832454483976,0.2166607078663874,0.21103244043100797,0.19502958314689195,0.19645565927217382,0.21727940484878303,0.23604967279773975,0.1409504213052877,0.23452076415037568,0.38138878993344316,0.24800084015960644,0.17898074942778427,0.18643577367432562,0.41480743926802444
mammoth,0.26498463558059326,0.3395617093226745,0.5115010562477783,0.28290254359947375,0.2697943944877112,0.3595707214177164,0.26462412252711515,0.2842814052594581,0.20673526612306983,0.36499897299849804,0.2692301498297061,0.38182746793021993,0.41709407535317233,0.21938271745751584,0.34804477300235037,0.43579009997529733,0.27148544800653884,0.30655792197661247,0.3429414772960221,0.3249742547514061,0.32634126942740493,0.3465821094857336,0.35644485949437427,0.35508231337767593,0.3514363888393025,0.14922686219118145,0.3277432002416364,0.33509408814906294,0.21062140983819777,0.2126980301877241,0.2534943618370443,0.30073549558869644,0.2980690748869786,0.36716315669190036,0.3671081479893086,0.5858172793239922,0.29506120042084844,0.46694474719697643,0.4414958851902836,0.3341520353393202,0.2820860330571049,0.27359144034767524,0.29997186085571,0.2933898710195199,0.23295816022704693,0.20399008678486513,0.3166379096945853,0.2195933003085324,0.17590578231802942,0.26628311010932376,0.37187034148953496,0.3412896829095184,0.28366226553659435,0.32521683997402223,0.3654882901699111,0.31207183975130814,0.3605226845408542,0.34177328805706486,0.3131231551634604,0.31052383474080353,0.2772769475005441,0.22826332180165204,0.3474632978321438,0.27637525398477364,0.23732853625899022,0.4105081523720067,0.19334702004742915,0.2663689366857429,0.3322216513645329,0.34726117578347965,0.3098421471553899,0.28730667154167666,0.3934302191121428,0.24637116854225663,0.26200217993421826,0.31087172717466904,0.3589112551120951,0.338828135778557,0.21960364346261696,0.3504489605355448,0.32430217799774047,0.27286123433637033,0.36219871074966636,0.2669103206655844,0.2852240073628532,0.36862741678589817,0.3354993771774272,0.3246264761124579,0.3184937056659326,0.3632384575165666,0.2854204765599222,0.4293259652727101,0.3111759454518589,0.33114842761669294,0.33493494429726134,0.27736641158705294,0.3112650599538617,0.3054381900652228,0.30573153971871103,0.4452644436285461
panda,0.32006385406709037,0.32528586220460093,0.3846333401452385,0.23061238984108232,0.29960115933864456,0.1648093800753886,0.2600601645897639,0.23383629243407686,0.25624061231064665,0.23607134219839193,0.1673684919988022,0.20344921185180834,0.21404817014884678,0.3425941324933756,0.25155126460697935,0.3196129541163839,0.24293000156887407,0.3752594618804698,0.2505134401858087,0.2457443722725264,0.38134529777945525,0.18759061422318998,0.44162755933549536,0.4872973440820743,0.3128932730332341,0.26242087843933565,0.2598400149519625,0.21915133955375152,0.294011604136497,0.22348869476222735,0.27695067883909974,0.2303495384796515,0.24870620714996275,0.24672096973390295,0.38803401468631304,0.361738942319657,0.23531441677242415,0.2887177369971154,0.2719015423754387,0.23252040760535564,0.2890563676426404,0.2543113987383121,0.37639465625465907,0.2690920317210062,0.20474387447884204,0.16274590056427266,0.30873087837803215,0.29987434152719505,0.27187370925848336,0.26383833637835363,0.22526271030709513,0.23825836314618198,0.2119589215713389,0.19729478688082716,0.41095849721128097,0.2888521246723182,0.24710884958750073,0.17947909684068536,0.21870012553894164,0.25436130182732214,0.1854885536234426,0.23397065323621485,0.3104197833982113,0.28773237079973285,0.2961093893724477,0.29351339129422244,0.2958585238047796,0.29815144104862357,0.2775200251954038,0.22661017836255914,0.22013260536091558,0.24755886785149825,0.2675090913228413,0.1521076913362577,0.27504100346118165,0.20678830755110847,0.21212620349158035,0.158516834678827,0.22219260610045213,0.23134235641207884,0.20103803717986327,0.3287625010731864,0.2282927703479538,0.26120963341357695,0.2150697631799284,0.41598442715461464,0.41165475170916566,0.2689441708384437,0.26310496095016417,0.28083461190962894,0.24456509955127692,0.284351419203602,0.2737515150222276,0.298733124261222,0.2661543752494746,0.31679806307667585,0.3263150944313456,0.23015487087302425,0.33412027711080267,0.45156441479594933
panther,0.37292311811467516,0.49235802020267144,0.3828366193040341,0.38790496788949624,0.49122024443765877,0.23835684215086747,0.3577586704026587,0.2381902054486213,0.33156406412599876,0.29800656088987165,0.3457116899042662,0.30409504316686614,0.3177623781233613,0.4910576650669808,0.4421916558339824,0.43309792251949186,0.34695952575466416,0.5606407097378702,0.3669450760231559,0.403664699576876,0.4482665751245588,0.333879484679451,0.5079478935010572,0.494844938397804,0.3936365314198779,0.4585205309817348,0.39055986136684545,0.437643700426089,0.43726141165358506,0.4198487567691664,0.4291315629451523,0.3434183857064947,0.4048618512893738,0.49607579945328056,0.4366494220197802,0.34964638199652437,0.3803731237166332,0.4148558336484435,0.3644404849333833,0.41712230428459407,0.42219075207513707,0.36350743125147744,0.4421247683281519,0.4138612820879195,0.4148070934819461,0.23706250968505554,0.3808562616626686,0.46652802354334916,0.28294782616306596,0.42279753425418926,0.3328217051728042,0.3526657112876499,0.35703968532536906,0.298397418709228,0.5217180367431672,0.3550335019266501,0.33357974074263036,0.28783025714122035,0.36511567185759286,0.29944255992623003,0.42451091561185667,0.35272348574706897,0.49132794128567714,0.3598461985519371,0.31971603160313455,0.3468006076557053,0.44050403754907236,0.38243591455415493,0.4806152230179997,0.3792778468945932,0.3573949061769659,0.3398501056358094,0.3936403180488503,0.29192093624276727,0.3620711997044944,0.2446561709596818,0.28493006178615854,0.22648871018900746,0.2634927091257536,0.40834761021634414,0.322795123066228,0.4753858362654648,0.3010880998349833,0.3959516853745678,0.32469561369171324,0.5740768627752317,0.49071433381576823,0.46335749331605597,0.3932150311899701,0.44294647342105675,0.45815205382930735,0.3867785742012405,0.448495035554515,0.42473567169260606,0.41469251935610396,0.2648296826638395,0.486549923124936,0.3797553988168973,0.48460397418375617,0.5714197471295995
pig,0.2538628458992259,0.3496285616612964,0.35527698884646913,0.2652722251043543,0.3358976159676853,0.23620035448397375,0.24685626150925938,0.2825220788761121,0.22786111001384293,0.2703225218464528,0.23878546291488423,0.14789115226409963,0.2615165412953878,0.37836173409453877,0.2825698862099783,0.3051410060573503,0.38465731390967,0.35136004126482434,0.12835815358524397,0.19103742711412758,0.2692405652293089,0.2706342744366153,0.3972454150442341,0.483603584752705,0.27111645928939276,0.21655245998512318,0.22126174979571597,0.23096454096709412,0.28670493773931494,0.19896726685699673,0.23014060729904215,0.12733644599082053,0.24510459860167771,0.3867348405568912,0.38511061094400434,0.3001788879031564,0.219941039236492,0.2407092978985952,0.2363236461297339,0.29917785622701726,0.3623602611750021,0.29227226219773533,0.3673277700027289,0.2118834335816459,0.17222676394474395,0.23376578592194416,0.2808492922705971,0.37971688593102165,0.28932005867774746,0.3674808947690192,0.21948340932987742,0.24972979850422464,0.22942180046475077,0.23911762262063305,0.4449488368710799,0.4366177578464465,0.2150747235883247,0.20989812819556417,0.23241628475328774,0.25736445339081904,0.15556236873251214,0.17802386849921858,0.22797490429822606,0.2089258717024057,0.2224030108078759,0.2723398933574564,0.37818964064678134,0.38042732181441624,0.19696892154009618,0.2591146025858247,0.2218649945498794,0.2785984479497693,0.28885983522182274,0.19283476641974404,0.30692833995152746,0.21325396735796615,0.3300721866057524,0.16637004588473647,0.21165519927050028,0.23988241332866242,0.1878650799625869,0.2542479118146243,0.13155374765918187,0.15585110000456795,0.20564076836711181,0.4463638143152552,0.42034806992153384,0.17101834516790937,0.17268975100348882,0.2558387440436288,0.23896724050581164,0.35206079015900016,0.28483832305700385,0.35553521478339034,0.2675563221772876,0.2874594804316726,0.2429527204822619,0.16510931339610613,0.25892280364015835,0.3884858543976335
pigeon,0.24684464997288053,0.4062852191556041,0.33413309560113186,0.22897946412444614,0.27699393673269546,0.25971810830922665,0.34675839799917146,0.2694296675974859,0.279595522619783,0.2743318518121039,0.28916354800877453,0.19590069918839384,0.31534727181442934,0.36922483251670807,0.3509944559310902,0.2995460179097054,0.30426781994148955,0.5509384267321669,0.15957935967949255,0.2918263684656561,0.3762815508394121,0.30430931803770683,0.391417318116521,0.49028519694626904,0.3712997992812826,0.26004529316295305,0.3276394017773995,0.37538162219190074,0.2938068363510988,0.28304404283749734,0.29722629358481506,0.22204807160938986,0.3272667818903943,0.4150279581226652,0.3547315251173278,0.28160655253642997,0.25796482071866544,0.29040091498601,0.26919910758996146,0.3028605892332834,0.35589847376171013,0.23255074063477335,0.3720298943918496,0.22986342049907166,0.31803927270583965,0.20073761962768497,0.20309964942319178,0.3144356616838388,0.2688327777468319,0.4128812370540244,0.335354622627576,0.30955876590881837,0.30681929604566505,0.3046326074791321,0.46380498285042154,0.42749465533704084,0.11084996982005452,0.2655405369483331,0.2672349907553769,0.3016749204455456,0.2960074247471565,0.20316898554375087,0.2873517823379051,0.25073577511602774,0.3069440174435246,0.2924623954176829,0.2945397552910101,0.32783406167953405,0.2986876161559816,0.2887104622954441,0.21679770922305583,0.29782834963258026,0.3487492942211601,0.22669038642734413,0.3193986825842767,0.20182485366752564,0.3340647916608877,0.2884868813290993,0.1923883284698056,0.24999119618380278,0.22796655776181052,0.34503250020034887,0.2571408419755734,0.09711545032732638,0.2173670591244829,0.49802676134655133,0.504576808653575,0.29176445125226325,0.2532310803444613,0.31873734719237234,0.28506036731170936,0.40181661618624176,0.3101124321211893,0.338552854787423,0.3191010600001594,0.3286914956268479,0.3911496066577361,0.2018345387624406,0.5103970970416029,0.46022963913332054
rhino,0.22668241040311377,0.22700889856270695,0.2510837788903467,0.17038354920506082,0.22908459086486122,0.23751075556769422,0.14527961289413027,0.2093157790929145,0.17932443475673202,0.22543317028856322,0.13082455581862473,0.14872995313161816,0.239061559908176,0.2788812284055263,0.24890509120313883,0.24465700607194404,0.24132644720407576,0.3759398527455519,0.1235716099606146,0.20117777292008493,0.3691285342973958,0.19332468150369025,0.4283861820391518,0.44641132407689016,0.1983275300102895,0.12657256851880244,0.22258515498584483,0.20536457793132748,0.2559146243418131,0.16230980807323536,0.16936263063635387,0.16789322962280454,0.2567147093799109,0.3430155019682061,0.480447840997003,0.27931427916216184,0.19383806286844493,0.21451580955512786,0.1556798676376836,0.1594075464651567,0.26536089467884655,0.2662709384854474,0.19800730024792854,0.1600622373704783,0.12151700503309638,0.145231752249621,0.26948155753366804,0.294402168071998,0.1613945590446386,0.3181480751161317,0.21497534638363494,0.18506063361818034,0.18447695336840442,0.17587021797358487,0.4372131448722,0.23497822779389485,0.22196965137952682,0.1683956213737733,0.1733855857536567,0.16042424526529478,0.14297405171566668,0.14820403040232336,0.21772401943068506,0.11961524115334655,0.1216729618263217,0.22201874508799685,0.2588206778759766,0.2614544933705412,0.1877796433237453,0.23394836114211373,0.19903321847303027,0.24003350014289812,0.20182900407287246,0.22153319452979633,0.22309897530488346,0.16504583279342908,0.23681441495498162,0.10714007010233284,0.07998291039673922,0.16903951835992065,0.16982160800775326,0.13248559619360434,0.15186706818343143,0.10486243549083596,0.16627339734036434,0.38720061904724756,0.32282302760673637,0.2056521199511344,0.15717607982167997,0.20705931926481594,0.13679392715576222,0.24646247918133118,0.2632747379037254,0.22208347229727607,0.24851874833343923,0.1944644802206179,0.2265687384775716,0.14667690490859742,0.20662379317625668,0.3868502566108447
shark,0.29569572922290654,0.4111587406282225,0.39305461521794094,0.28426933573841484,0.4116230691215061,0.2099227512773862,0.21412096992624396,0.23893457019822711,0.2890892068768733,0.28545385855850364,0.2547357386589433,0.17841214612492998,0.3317567848031781,0.32209453413756345,0.30918895007157104,0.27132468919346786,0.3310882602587353,0.3524116608208134,0.25476271356008917,0.3046417968819919,0.6168329722862975,0.29477308802141167,0.3911345350632387,0.3653734422443932,0.30905033625153155,0.2764353030011777,0.2856008711160409,0.27208171060828235,0.28459516608135604,0.2847900812481798,0.2834787272806913,0.26531149205652,0.3092408294343099,0.2979429321125548,0.3283684396312719,0.36608116974086186,0.23555147423968112,0.30895031407755585,0.30295114255577377,0.31304776668348755,0.33892852342277174,0.2622900654157247,0.3519646688204535,0.2973568466269847,0.2734603375456725,0.1792701594660823,0.34111967009886135,0.3789744067581469,0.2666681778851488,0.36241115490682385,0.30284539563534324,0.28005732950439916,0.3298678289737369,0.3479307880838208,0.36864028930187026,0.29803434296288994,0.26769069248343985,0.2688275268664974,0.3269229891784443,0.2816088937240647,0.25613988220676304,0.3179503296342964,0.33785153784906563,0.2728997846412883,0.23816102147951207,0.3719655242330852,0.4160852921619696,0.3201329736990653,0.3181167480383531,0.39850781550940395,0.27788009828336974,0.3561336731750923,0.3273406739104517,0.26140357127710945,0.3063043226823547,0.2621698048307816,0.2080989844470876,0.17735859469440513,0.23480922591943112,0.23677325648010594,0.2194241089373224,0.29660272569133056,0.24923916991632664,0.27355271275435117,0.26332756742921243,0.5500702518295827,0.489458795043225,0.25301442376318667,0.23935660537184353,0.3117427519239706,0.30531526505766626,0.3495770615793262,0.3402037234506622,0.3078951759221278,0.3045130109385222,0.2802257671844936,0.37587845170297224,0.2894187574928493,0.3876759182782688,0.35490902909066013
sheep,0.28854731968093655,0.3614834819094065,0.34100167509700374,0.3060879361103635,0.3277043016276011,0.2540860582012613,0.2897516207728996,0.20803598204021786,0.2621633551186736,0.28007042981011443,0.3584569369924086,0.19414512934509576,0.2354059878170747,0.4170164734302335,0.2824833491463444,0.3062336582846279,0.33742134580545474,0.4535021721801657,0.18611988993577386,0.3157614946339127,0.28378360504588046,0.3481003643048409,0.48121246150958297,0.42466010507112806,0.2965643767570956,0.3216119174479146,0.24181007917646918,0.34812144318610844,0.34824461604534784,0.2848338199610272,0.33289179024150856,0.23083359177619645,0.3171823905080105,0.5377568354715503,0.4695281166175987,0.31226597954209223,0.2422060171295521,0.3134066860211801,0.29101225048650664,0.3500270701630239,0.35424249571760685,0.28388101824794,0.4060758163016983,0.29252402169838365,0.3108269201653964,0.1993136461938075,0.25893982589547665,0.3573757999478654,0.3535952697359887,0.32528728672730856,0.25026001096873307,0.25372040482674896,0.2922855916171382,0.2713040187953606,0.41922201030461514,0.34616257069014167,0.21399350305499687,0.24840625359374097,0.3386499290838693,0.29068691884660897,0.2812507017648,0.2544465541831865,0.280712236253443,0.2844391182647665,0.2907693949826305,0.3258992725283738,0.36005228118267785,0.3015731282741316,0.222280113891523,0.2700278343274297,0.21655810279831272,0.3216063903827245,0.36848272764308576,0.2477331278759306,0.3378319243593327,0.26645932168219444,0.2612294259684107,0.24329009341922853,0.24788636425251415,0.2761220716427642,0.3125236996940462,0.3530605705359525,0.15767240518023556,0.2504405898360417,0.2715822182538837,0.4414187128414801,0.46781654849639315,0.29038819114599657,0.26300116449593613,0.33277684495016535,0.33073330001532514,0.3666036370797973,0.27546966906672105,0.3113748223328842,0.28753484842567045,0.24292913692641552,0.28720393204317207,0.2571065490701801,0.34109007331012225,0.5468972048007628
skunk,0.2262007698903998,0.27341508662353975,0.34668571142066695,0.16422442311670188,0.23159670859102147,0.23333523623586208,0.3324933843049289,0.2192379645383654,0.2533205161853959,0.20838707479067062,0.22991498174093117,0.14107001995509008,0.1878903873395748,0.30423651228989823,0.2240058151056789,0.20711178902659313,0.22826556302917983,0.40219560766200335,0.102698308236034,0.24209043133843114,0.25304645695128,0.25163282650687807,0.4187276703202011,0.47600320771222454,0.3399014631001579,0.21156918692014665,0.22149688850732488,0.26160615359834516,0.27768463868386944,0.13611179395205994,0.17918818929560032,0.13745062271066383,0.2951094745695529,0.33989867777256194,0.34502748254321,0.26138421374789267,0.28192957385162387,0.17887534518397166,0.15170582598522364,0.21812981490601294,0.34038340672722184,0.2840885310717974,0.2994945732214712,0.1886778850225366,0.13920631571683287,0.16399007699130638,0.21221036445665978,0.32359916783508386,0.17124318369963892,0.3804214100770514,0.23740590577285042,0.26421132361812083,0.2405150566040577,0.14866349503262205,0.4594880202806525,0.3690042427647552,0.1645284880245165,0.19390146269691302,0.21383944079963707,0.11190899019963704,0.1270123002447741,0.13836204898583315,0.21796245926738142,0.11105686021855019,0.22330702491654147,0.23453451556805618,0.29501937489820296,0.34055381784690314,0.19617235922783294,0.3230345246618249,0.18222033799897186,0.3505857597541538,0.2064522474330017,0.19449896742767464,0.30187893694039264,0.1375902346335742,0.3000358028702576,0.1393063698873269,0.08516208327992947,0.22399243309637337,0.21929852432344668,0.30705771350502115,0.07036067829059829,0.14099885651242766,0.1342021950520044,0.47437705979303485,0.40671300159230295,0.24240942115265388,0.22078013529565446,0.3029302466278266,0.202848338974856,0.2421020513939071,0.22827123702227686,0.34422294247403,0.26900913521020814,0.29712250710701776,0.3162594149615375,0.14628453625338428,0.30593679384858286,0.45301743691137164
sloth,0.2566982601444453,0.3440173193847816,0.29226977241577456,0.27108999084269125,0.3408430222138474,0.2305948364834962,0.4067964511004608,0.20189559471759264,0.30015604822722336,0.2992295629483578,0.27118781281888504,0.23798593042061295,0.23425300921759673,0.24433223900512785,0.2735999163231328,0.3580130376790713,0.2968592725831206,0.3346051489639038,0.19834908690471278,0.3276549878388458,0.32084057048182346,0.290093863503124,0.29122290753154617,0.4898946359114209,0.3329489347872847,0.36834742535108245,0.36507658202725474,0.3082277671702651,0.18557209128141686,0.2653134165528322,0.27285550982282486,0.280847068224904,0.305834051827399,0.3720209276384622,0.33536657396839703,0.2831810383070534,0.2743120725570867,0.2563064343838816,0.2522337913216182,0.32059255404325215,0.37474344249565145,0.35299950031617966,0.3857676575149395,0.31060042809268695,0.26848396760036836,0.17419057412899716,0.33932805639749064,0.26720248148426873,0.3005051104672259,0.2824750161329912,0.24502451243731824,0.192637240372706,0.19380557239018031,0.24251348546945972,0.4237497242290798,0.2670015358020299,0.3031981092228288,0.19644694566514947,0.2999535156407698,0.18658109329685668,0.1811510411575538,0.29116837187233496,0.2967540556619306,0.22055885403993886,0.34916118575107813,0.30703091174280567,0.300219159202466,0.3137101619386213,0.27963422433434043,0.3237883981411376,0.24662175589430946,0.40580121790519535,0.2546538669454679,0.22434583500925018,0.26520865523974935,0.20202273665174247,0.30523811432796066,0.19222672764871532,0.22887289827292923,0.29016639110964193,0.275071043627479,0.3539721090275392,0.19020460881106432,0.28339162590907135,0.22815285170746874,0.4077029747753871,0.3592720111882416,0.2925160876662152,0.28676403516957133,0.2855840518683426,0.2990556934101607,0.28764517018016855,0.2929104952211978,0.36376940344486997,0.4252676430059677,0.2343083077102354,0.4094750287992752,0.256344734465055,0.30387389202917386,0.45435607130541883
swan,0.36547158423810205,0.401581843710107,0.3595806551503328,0.2751328569092634,0.3298759185612458,0.22452007808452032,0.3692712224583715,0.3123711353827939,0.39163405552208047,0.39369719383174734,0.2512110963041868,0.21135547719065845,0.3187708711815084,0.3292269295460266,0.39935287768662225,0.3755574210575382,0.18661071664577608,0.5429666011124279,0.2121936928247813,0.29360739491092025,0.4729047368813342,0.3458793593179488,0.4013564138402181,0.44307453863810276,0.386048102260049,0.37614354741592476,0.5766660986422275,0.2662104090675838,0.3927175539022229,0.32688536434339555,0.3554380410287002,0.236713533856903,0.40314675646199327,0.3501769323017097,0.42484675494785284,0.35215592751979957,0.29228014852783607,0.2356380600803094,0.22788698602379637,0.29261114323637555,0.42701445912863406,0.3361458553584668,0.330520633753838,0.356810542162117,0.23934964596066985,0.20189359630883758,0.28463094256883553,0.4803548504002631,0.22980583212967384,0.3454430767801901,0.29292130257259735,0.39379383155967207,0.34324641399797834,0.36874934525039293,0.3985062143273433,0.3811620621473468,0.3209154264598708,0.27511770810558955,0.2836673356845729,0.27189004116571797,0.250417822872094,0.27589069467699573,0.47328446289861503,0.28674756834347476,0.29666868800719165,0.2371450111386615,0.3535756566950595,0.3711087994222476,0.438175627770495,0.3831832314631089,0.3635841911022087,0.3766277791605772,0.2495372815153006,0.3702262464323983,0.39387886156949337,0.21545036561561984,0.3679308774610363,0.1978246036185109,0.21469757821959737,0.2861299039033684,0.15598089809443766,0.4009508843662853,0.25044823264784494,0.21727888133575665,0.3330894240557395,0.5335157406017361,0.5135829814250176,0.3208386573945704,0.2475203640876312,0.31233772396682674,0.31986058735125156,0.3775711147998467,0.36649836959837706,0.3817466747273076,0.3579720378106777,0.36642371206843816,0.41229279184917916,0.21209406622713275,0.5630246913958324,0.4276133738405219
zebra,0.18123827407381612,0.22315080666779075,0.29640324836917464,0.20422461266846623,0.2534773647960721,0.2676763978614412,0.18010978926322263,0.2768531371072655,0.20801357148308,0.3096904669074154,0.2057148284662294,0.18896123075726867,0.26735579809862225,0.22634644935314943,0.3200567151522218,0.24811742310744136,0.21094993543665605,0.425831199281266,0.1558465678543575,0.19488414925198666,0.42455960436854817,0.27964640850552847,0.46936137913354586,0.4103761963756341,0.3047378500161018,0.15503280438192224,0.3207420033825155,0.16861693251000592,0.27902470115923567,0.09303220668917464,0.10615835987696634,0.17322604293070637,0.26566495319170863,0.36911145853048,0.42313282089118914,0.3181728430775824,0.22249816644328024,0.21083430307763995,0.2059773605005703,0.18432870763200487,0.3795437812914887,0.3014895426693491,0.2524532476785526,0.16832992107638392,0.15101889146999364,0.1488404234277362,0.3156090324694019,0.27788756995496405,0.20872927574485334,0.20886707572375993,0.2647023516372727,0.2972014824521207,0.34372441902341666,0.24822836904356108,0.4201236639772443,0.3302760899226399,0.18302421570640054,0.2639852318137751,0.16842006685204616,0.13140611454050397,0.09258474643102477,0.23145982877896557,0.2698067151374781,0.13947090148059163,0.18579727150106318,0.3077191220981963,0.35404935816462296,0.31286044884832864,0.22784956952771188,0.25218543873455207,0.22049783936578388,0.29759988842935575,0.20575332642140431,0.2846589624347547,0.2758395925954517,0.2011110329132442,0.20874131651955458,0.133166342344974,0.14970214319649305,0.14610044233403097,0.14241132270027637,0.2053994996434494,0.21617066784854871,0.12113958510403534,0.25823701927287807,0.44302487533559454,0.469413417484403,0.17905941138269424,0.1968461556781202,0.22366327661308766,0.16781350396455136,0.33821155349762333,0.2829520811784028,0.18451018399732155,0.31649610431798125,0.2308613648902248,0.3280547393579886,0.1935050928846643,0.30297057084661333,0.4716515863315603
